TID,Product1,Product2,Product3,Product4,Product5,Product6,Product7,Product8,Product9,Product10,Product11,Product12,Product13,Product14,Product15,Product16,Product17,Product18,Product19,Product20,Product21,Product22,Product23,Product24,Product25,Product26,Product27,Product28,Product29,Product30,Product31,Product32,Product33,Product34,Product35,Product36,Product37,Product38,Product39,Product40
1,turkey,root,vegetables,other,vegetables,whole,milk,butter,milk,UHT-milk,brown,bread,bottled,water,,,,,,,,,,,,,,,,,,,,,,,,,,
2,finished,products,,,,,,,,,,,,,,,,,,,,,,,,,,,,,,,,,,,,,,
3,citrus,fruit,other,vegetables,,,,,,,,,,,,,,,,,,,,,,,,,,,,,,,,,,,,
4,sausage,tropical,fruit,other,vegetables,butter,sliced,cheese,domestic,eggs,rolls/buns,brown,bread,napkins,,,,,,,,,,,,,,,,,,,,,,,,,,
5,Halawa,sausage,tropical,fruit,oil,spices,pickled,vegetables,bottled,water,misc.,beverages,,,,,,,,,,,,,,,,,,,,,,,,,,,,
6,tropical,fruit,pip,fruit,brown,bread,,,,,,,,,,,,,,,,,,,,,,,,,,,,,,,,,,
7,chewing,gum,,,,,,,,,,,,,,,,,,,,,,,,,,,,,,,,,,,,,,
8,sausage,domestic,eggs,pastry,bottled,water,newspapers,,,,,,,,,,,,,,,,,,,,,,,,,,,,,,,,,
9,other,vegetables,whole,milk,yogurt,domestic,eggs,roll,products,newspapers,shopping,bags,,,,,,,,,,,,,,,,,,,,,,,,,,,,
10,rolls/buns,Ginger,powder,red/blush,wine,,,,,,,,,,,,,,,,,,,,,,,,,,,,,,,,,,,
11,yogurt,softener,,,,,,,,,,,,,,,,,,,,,,,,,,,,,,,,,,,,,,
12,sausage,other,vegetables,cream,cheese,soda,Canned,Pepsi,Powedered,honny,specialty,chocolate,,,,,,,,,,,,,,,,,,,,,,,,,,,,
13,sausage,Frozen,beef,slices,sliced,cheese,frozen,fish,rolls/buns,margarine,mustard,,,,,,,,,,,,,,,,,,,,,,,,,,,,,
14,whole,milk,frozen,dessert,salty,snack,napkins,,,,,,,,,,,,,,,,,,,,,,,,,,,,,,,,,
15,soda,,,,,,,,,,,,,,,,,,,,,,,,,,,,,,,,,,,,,,,
16,pastry,margarine,coffee,,,,,,,,,,,,,,,,,,,,,,,,,,,,,,,,,,,,,
17,margarine,misc.,beverages,,,,,,,,,,,,,,,,,,,,,,,,,,,,,,,,,,,,,
18,butter,milk,yogurt,honey,soda,detergent,,,,,,,,,,,,,,,,,,,,,,,,,,,,,,,,,,
19,citrus,fruit,other,vegetables,whole,milk,dessert,yogurt,frozen,vegetables,fruit/vegetable,juice,Pepsi,salty,snack,,,,,,,,,,,,,,,,,,,,,,,,,
20,other,vegetables,whole,milk,cream,cheese,frozen,meals,rolls/buns,brown,bread,bottled,water,newspapers,,,,,,,,,,,,,,,,,,,,,,,,,,
21,whole,milk,Pepsi,newspapers,,,,,,,,,,,,,,,,,,,,,,,,,,,,,,,,,,,,
22,liver,loaf,Martadella,citrus,fruit,tropical,fruit,root,vegetables,other,vegetables,whole,milk,curd,dessert,yogurt,frozen,vegetables,brown,bread,semi-finished,bread,oil,dog,food,fruit/vegetable,juice,,,,,,,,,,,,,
23,pip,fruit,beverages,frozen,vegetables,frozen,meals,bottled,water,soda,salty,snack,,,,,,,,,,,,,,,,,,,,,,,,,,,,
24,Pepsi,Ginger,powder,,,,,,,,,,,,,,,,,,,,,,,,,,,,,,,,,,,,,
25,other,vegetables,frozen,meals,pasta,canned,fish,coffee,,,,,,,,,,,,,,,,,,,,,,,,,,,,,,,,
26,salty,snack,newspapers,photo/film,,,,,,,,,,,,,,,,,,,,,,,,,,,,,,,,,,,,
27,whole,milk,pastry,semi-finished,bread,sugar,soda,salty,snack,specialty,bar,,,,,,,,,,,,,,,,,,,,,,,,,,,,,
28,Frozen,beef,slices,chicken,Martadella,root,vegetables,whole,milk,whipped/sour,cream,rolls/buns,sugar,soda,waffles,chocolate,specialty,chocolate,chocolate,marshmallow,napkins,,,,,,,,,,,,,,,,,,,
29,herbs,other,vegetables,,,,,,,,,,,,,,,,,,,,,,,,,,,,,,,,,,,,,
30,whole,milk,yogurt,bottled,water,,,,,,,,,,,,,,,,,,,,,,,,,,,,,,,,,,,
31,chocolate,,,,,,,,,,,,,,,,,,,,,,,,,,,,,,,,,,,,,,,
32,Martadella,pip,fruit,root,vegetables,other,vegetables,curd,butter,milk,margarine,newspapers,,,,,,,,,,,,,,,,,,,,,,,,,,,,
33,rolls/buns,,,,,,,,,,,,,,,,,,,,,,,,,,,,,,,,,,,,,,,
34,root,vegetables,other,vegetables,whole,milk,rolls/buns,bottled,water,dishes,newspapers,,,,,,,,,,,,,,,,,,,,,,,,,,,,,
35,chicken,Martadella,pip,fruit,other,vegetables,whole,milk,tidbits,frozen,fish,rolls/buns,margarine,baking,powder,soda,Pepsi,Powedered,honny,waffles,chocolate,candy,,,,,,,,,,,,,,,,,,
36,Frozen,beef,slicesburger,meat,domestic,eggs,,,,,,,,,,,,,,,,,,,,,,,,,,,,,,,,,,
37,soda,,,,,,,,,,,,,,,,,,,,,,,,,,,,,,,,,,,,,,,
38,yogurt,cream,cheese,pastry,canned,fish,fruit/vegetable,juice,shopping,bags,,,,,,,,,,,,,,,,,,,,,,,,,,,,,,
39,Halawa,Martadella,citrus,fruit,pip,fruit,other,vegetables,whipped/sour,cream,UHT-milk,salad,dressing,frozen,potato,products,salty,snack,newspapers,,,,,,,,,,,,,,,,,,,,,
40,Pepsi,Ginger,powder,,,,,,,,,,,,,,,,,,,,,,,,,,,,,,,,,,,,,
41,sausage,other,vegetables,dessert,yogurt,condensed,milk,hard,cheese,spread,cheese,bottled,water,fruit/vegetable,juice,shopping,bags,,,,,,,,,,,,,,,,,,,,,,,
42,curd,,,,,,,,,,,,,,,,,,,,,,,,,,,,,,,,,,,,,,,
43,tropical,fruit,whole,milk,hard,cheese,rolls/buns,cat,food,bottled,water,dish,cleaner,,,,,,,,,,,,,,,,,,,,,,,,,,,
44,citrus,fruit,tropical,fruit,pip,fruit,root,vegetables,other,vegetables,,,,,,,,,,,,,,,,,,,,,,,,,,,,,,
45,citrus,fruit,other,vegetables,hard,cheese,spices,coffee,Canned,Pepsi,chocolate,candy,flower,(seeds),shopping,bags,,,,,,,,,,,,,,,,,,,,,,,,
46,semi-finished,bread,long,life,bakery,product,waffles,detergent,newspapers,shopping,bags,,,,,,,,,,,,,,,,,,,,,,,,,,,,,
47,whole,milk,semi-finished,bread,,,,,,,,,,,,,,,,,,,,,,,,,,,,,,,,,,,,
48,sausage,tropical,fruit,grapes,berries,other,vegetables,pastry,soda,specialty,chocolate,napkins,shopping,bags,,,,,,,,,,,,,,,,,,,,,,,,,,
49,pip,fruit,pasta,oil,shopping,bags,,,,,,,,,,,,,,,,,,,,,,,,,,,,,,,,,,
50,sausage,pip,fruit,onions,spices,cat,food,Pepsi,newspapers,,,,,,,,,,,,,,,,,,,,,,,,,,,,,,,
51,Frozen,beef,slices,meat,whole,milk,dessert,butter,milk,whipped/sour,cream,sliced,cheese,rolls/buns,soda,fruit/vegetable,juice,,,,,,,,,,,,,,,,,,,,,,,
52,citrus,fruit,whole,milk,yogurt,whipped/sour,cream,cat,food,specialty,chocolate,female,sanitary,products,,,,,,,,,,,,,,,,,,,,,,,,,,
53,meat,organic,sausage,whole,milk,butter,UHT-milk,frozen,vegetables,pickled,vegetables,cat,food,female,sanitary,products,,,,,,,,,,,,,,,,,,,,,,,,
54,meat,onions,other,vegetables,chewing,gum,dishes,,,,,,,,,,,,,,,,,,,,,,,,,,,,,,,,,
55,Halawa,whole,milk,yogurt,processed,cheese,ice,cream,frozen,dessert,rolls/buns,white,bread,brown,bread,sugar,coffee,bottled,water,soda,Pepsi,candy,,,,,,,,,,,,,,,,,,
56,sausage,meat,tropical,fruit,rolls/buns,margarine,bottled,water,Pepsi,skin,care,hygiene,articles,shopping,bags,,,,,,,,,,,,,,,,,,,,,,,,,
57,chicken,candy,,,,,,,,,,,,,,,,,,,,,,,,,,,,,,,,,,,,,,
58,sausage,citrus,fruit,root,vegetables,whole,milk,waffles,chocolate,marshmallow,,,,,,,,,,,,,,,,,,,,,,,,,,,,,,
59,tropical,fruit,whole,milk,yogurt,whipped/sour,cream,rolls/buns,cocoa,drinks,bottled,water,Pepsi,specialty,chocolate,,,,,,,,,,,,,,,,,,,,,,,,,
60,ice,cream,misc.,beverages,Canned,Pepsi,napkins,shopping,bags,,,,,,,,,,,,,,,,,,,,,,,,,,,,,,,
61,Ginger,powder,,,,,,,,,,,,,,,,,,,,,,,,,,,,,,,,,,,,,,
62,beef,citrus,fruit,butter,domestic,eggs,flour,margarine,baking,powder,long,life,bakery,product,,,,,,,,,,,,,,,,,,,,,,,,,,
63,Ginger,powder,,,,,,,,,,,,,,,,,,,,,,,,,,,,,,,,,,,,,,
64,rolls/buns,pastry,red/blush,wine,,,,,,,,,,,,,,,,,,,,,,,,,,,,,,,,,,,,
65,other,vegetables,whole,milk,whipped/sour,cream,pastry,Pepsi,,,,,,,,,,,,,,,,,,,,,,,,,,,,,,,,
66,beef,berries,onions,rolls/buns,,,,,,,,,,,,,,,,,,,,,,,,,,,,,,,,,,,,
67,sausage,whole,milk,semi-finished,bread,flour,fruit/vegetable,juice,napkins,,,,,,,,,,,,,,,,,,,,,,,,,,,,,,,
68,sausage,whole,milk,hard,cheese,misc.,beverages,,,,,,,,,,,,,,,,,,,,,,,,,,,,,,,,,
69,Frozen,beef,slicesburger,meat,whole,milk,white,bread,brown,bread,sugar,fruit/vegetable,juice,,,,,,,,,,,,,,,,,,,,,,,,,,,
70,whole,milk,rolls/buns,coffee,fruit/vegetable,juice,,,,,,,,,,,,,,,,,,,,,,,,,,,,,,,,,,
71,whole,milk,cake,bar,,,,,,,,,,,,,,,,,,,,,,,,,,,,,,,,,,,,
72,hygiene,articles,,,,,,,,,,,,,,,,,,,,,,,,,,,,,,,,,,,,,,
73,chocolate,,,,,,,,,,,,,,,,,,,,,,,,,,,,,,,,,,,,,,,
74,tropical,fruit,candy,,,,,,,,,,,,,,,,,,,,,,,,,,,,,,,,,,,,,
75,specialty,chocolate,,,,,,,,,,,,,,,,,,,,,,,,,,,,,,,,,,,,,,
76,citrus,fruit,Pepsi,Powedered,honny,,,,,,,,,,,,,,,,,,,,,,,,,,,,,,,,,,,
77,baking,powder,bottled,water,salty,snack,chewing,gum,,,,,,,,,,,,,,,,,,,,,,,,,,,,,,,,
78,Canned,Pepsi,,,,,,,,,,,,,,,,,,,,,,,,,,,,,,,,,,,,,,
79,Canned,Pepsi,,,,,,,,,,,,,,,,,,,,,,,,,,,,,,,,,,,,,,
80,whole,milk,instant,coffee,misc.,beverages,fruit/vegetable,juice,chewing,gum,shopping,bags,,,,,,,,,,,,,,,,,,,,,,,,,,,,
81,soda,,,,,,,,,,,,,,,,,,,,,,,,,,,,,,,,,,,,,,,
82,Pepsi,Ginger,powder,(appetizer),dishes,,,,,,,,,,,,,,,,,,,,,,,,,,,,,,,,,,,
83,pip,fruit,,,,,,,,,,,,,,,,,,,,,,,,,,,,,,,,,,,,,,
84,Martadella,Frozen,beef,slicesburger,meat,other,vegetables,whole,milk,brown,bread,margarine,bottled,water,Pepsi,flower,(seeds),,,,,,,,,,,,,,,,,,,,,,,
85,canned,vegetables,Powedered,honny,newspapers,flower,soil/fertilizer,,,,,,,,,,,,,,,,,,,,,,,,,,,,,,,,,
86,Canned,Pepsi,,,,,,,,,,,,,,,,,,,,,,,,,,,,,,,,,,,,,,
87,root,vegetables,onions,whipped/sour,cream,UHT-milk,frozen,dessert,margarine,syrup,,,,,,,,,,,,,,,,,,,,,,,,,,,,,,
88,berries,yogurt,shopping,bags,,,,,,,,,,,,,,,,,,,,,,,,,,,,,,,,,,,,
89,liver,loaf,beef,whole,milk,yogurt,soft,cheese,frozen,vegetables,white,bread,roll,products,vinegar,baking,powder,fruit/vegetable,juice,,,,,,,,,,,,,,,,,,,,,
90,citrus,fruit,whipped/sour,cream,brown,bread,bottled,water,hygiene,articles,,,,,,,,,,,,,,,,,,,,,,,,,,,,,,
91,meat,other,vegetables,,,,,,,,,,,,,,,,,,,,,,,,,,,,,,,,,,,,,
92,citrus,fruit,tropical,fruit,frozen,meals,frozen,dessert,rolls/buns,misc.,beverages,,,,,,,,,,,,,,,,,,,,,,,,,,,,,
93,Frozen,beef,slices,pip,fruit,domestic,eggs,pastry,semi-finished,bread,cat,food,newspapers,,,,,,,,,,,,,,,,,,,,,,,,,,,
94,herbs,other,vegetables,whipped/sour,cream,red/blush,wine,shopping,bags,,,,,,,,,,,,,,,,,,,,,,,,,,,,,,,
95,rolls/buns,,,,,,,,,,,,,,,,,,,,,,,,,,,,,,,,,,,,,,,
96,other,vegetables,bottled,water,,,,,,,,,,,,,,,,,,,,,,,,,,,,,,,,,,,,
97,soda,,,,,,,,,,,,,,,,,,,,,,,,,,,,,,,,,,,,,,,
98,turkey,other,vegetables,whole,milk,oil,instant,coffee,specialty,bar,,,,,,,,,,,,,,,,,,,,,,,,,,,,,,
99,whole,milk,yogurt,frozen,vegetables,,,,,,,,,,,,,,,,,,,,,,,,,,,,,,,,,,,
100,sausage,sliced,cheese,rolls/buns,sugar,candy,,,,,,,,,,,,,,,,,,,,,,,,,,,,,,,,,,
101,photo/film,,,,,,,,,,,,,,,,,,,,,,,,,,,,,,,,,,,,,,,
102,Halawa,rolls/buns,chewing,gum,,,,,,,,,,,,,,,,,,,,,,,,,,,,,,,,,,,,
103,whole,milk,cream,cheese,newspapers,,,,,,,,,,,,,,,,,,,,,,,,,,,,,,,,,,,
104,brown,bread,,,,,,,,,,,,,,,,,,,,,,,,,,,,,,,,,,,,,,
105,root,vegetables,herbs,other,vegetables,candy,seasonal,products,shopping,bags,,,,,,,,,,,,,,,,,,,,,,,,,,,,,,
106,whole,milk,,,,,,,,,,,,,,,,,,,,,,,,,,,,,,,,,,,,,,
107,citrus,fruit,tropical,fruit,root,vegetables,other,vegetables,whole,milk,whipped/sour,cream,curd,cheese,frozen,vegetables,soups,cat,food,chewing,gum,,,,,,,,,,,,,,,,,,,
108,sausage,other,vegetables,pasta,oil,margarine,coffee,syrup,Canned,Pepsi,napkins,light,bulbs,shopping,bags,,,,,,,,,,,,,,,,,,,,,,,,,
109,Halawa,processed,cheese,soda,,,,,,,,,,,,,,,,,,,,,,,,,,,,,,,,,,,,
110,sausage,Frozen,beef,slicesburger,meat,chocolate,detergent,,,,,,,,,,,,,,,,,,,,,,,,,,,,,,,,,
111,citrus,fruit,semi-finished,bread,margarine,ready,soups,,,,,,,,,,,,,,,,,,,,,,,,,,,,,,,,,
112,Ginger,powder,,,,,,,,,,,,,,,,,,,,,,,,,,,,,,,,,,,,,,
113,cooking,chocolate,,,,,,,,,,,,,,,,,,,,,,,,,,,,,,,,,,,,,,
114,meat,chicken,root,vegetables,onions,whole,milk,soda,,,,,,,,,,,,,,,,,,,,,,,,,,,,,,,,
115,pastry,soda,,,,,,,,,,,,,,,,,,,,,,,,,,,,,,,,,,,,,,
116,Martadella,root,vegetables,sliced,cheese,frozen,vegetables,frozen,potato,products,mustard,bottled,water,fruit/vegetable,juice,napkins,shopping,bags,,,,,,,,,,,,,,,,,,,,,,
117,cooking,chocolate,,,,,,,,,,,,,,,,,,,,,,,,,,,,,,,,,,,,,,
118,other,vegetables,rolls/buns,,,,,,,,,,,,,,,,,,,,,,,,,,,,,,,,,,,,,
119,sausage,root,vegetables,beverages,rolls/buns,soda,,,,,,,,,,,,,,,,,,,,,,,,,,,,,,,,,,
120,Halawa,citrus,fruit,berries,whole,milk,yogurt,domestic,eggs,salt,waffles,cake,bar,,,,,,,,,,,,,,,,,,,,,,,,,,,
121,tropical,fruit,brown,bread,pastry,,,,,,,,,,,,,,,,,,,,,,,,,,,,,,,,,,,
122,Martadella,other,vegetables,,,,,,,,,,,,,,,,,,,,,,,,,,,,,,,,,,,,,
123,dessert,nut,snack,specialty,chocolate,,,,,,,,,,,,,,,,,,,,,,,,,,,,,,,,,,,
124,Halawa,turkey,tropical,fruit,grapes,root,vegetables,other,vegetables,whole,milk,frozen,vegetables,frozen,meals,frozen,potato,products,pastry,pickled,vegetables,sweet,spreads,soda,misc.,beverages,salty,snack,cake,bar,chocolate,detergent,house,keeping,products,,,,,
125,sausage,Frozen,beef,slices,other,vegetables,ice,cream,white,bread,,,,,,,,,,,,,,,,,,,,,,,,,,,,,,
126,whipped/sour,cream,,,,,,,,,,,,,,,,,,,,,,,,,,,,,,,,,,,,,,
127,bottled,water,Pepsi,,,,,,,,,,,,,,,,,,,,,,,,,,,,,,,,,,,,,
128,butter,salt,margarine,sugar,,,,,,,,,,,,,,,,,,,,,,,,,,,,,,,,,,,,
129,other,vegetables,butter,rolls/buns,flower,(seeds),,,,,,,,,,,,,,,,,,,,,,,,,,,,,,,,,,
130,whole,milk,dessert,,,,,,,,,,,,,,,,,,,,,,,,,,,,,,,,,,,,,
131,rolls/buns,Pepsi,,,,,,,,,,,,,,,,,,,,,,,,,,,,,,,,,,,,,,
132,napkins,,,,,,,,,,,,,,,,,,,,,,,,,,,,,,,,,,,,,,,
133,Halawa,pip,fruit,onions,whole,milk,curd,yogurt,pastry,Instant,food,products,kitchen,utensil,,,,,,,,,,,,,,,,,,,,,,,,,,
134,meat,curd,Pepsi,cake,bar,,,,,,,,,,,,,,,,,,,,,,,,,,,,,,,,,,,
135,beef,tropical,fruit,root,vegetables,yogurt,brown,bread,canned,fish,Canned,Pepsi,red/blush,wine,newspapers,,,,,,,,,,,,,,,,,,,,,,,,,
136,soda,,,,,,,,,,,,,,,,,,,,,,,,,,,,,,,,,,,,,,,
137,pip,fruit,whole,milk,cream,cheese,rolls/buns,chocolate,cooking,chocolate,,,,,,,,,,,,,,,,,,,,,,,,,,,,,,
138,rolls/buns,brown,bread,Canned,Pepsi,,,,,,,,,,,,,,,,,,,,,,,,,,,,,,,,,,,
139,sausage,other,vegetables,whole,milk,,,,,,,,,,,,,,,,,,,,,,,,,,,,,,,,,,,
140,bottled,water,long,life,bakery,product,,,,,,,,,,,,,,,,,,,,,,,,,,,,,,,,,,
141,specialty,chocolate,,,,,,,,,,,,,,,,,,,,,,,,,,,,,,,,,,,,,,
142,Halawa,sausage,root,vegetables,rolls/buns,pickled,vegetables,newspapers,,,,,,,,,,,,,,,,,,,,,,,,,,,,,,,,
143,Ginger,liquid,,,,,,,,,,,,,,,,,,,,,,,,,,,,,,,,,,,,,,
144,sausage,other,vegetables,whole,milk,fruit/vegetable,juice,,,,,,,,,,,,,,,,,,,,,,,,,,,,,,,,,
145,Halawa,photo/film,,,,,,,,,,,,,,,,,,,,,,,,,,,,,,,,,,,,,,
146,root,vegetables,butter,milk,frozen,vegetables,pastry,dish,cleaner,hygiene,articles,napkins,,,,,,,,,,,,,,,,,,,,,,,,,,,,
147,pip,fruit,whole,milk,domestic,eggs,,,,,,,,,,,,,,,,,,,,,,,,,,,,,,,,,,
148,citrus,fruit,pip,fruit,white,bread,brown,bread,pastry,waffles,,,,,,,,,,,,,,,,,,,,,,,,,,,,,,
149,domestic,eggs,rolls/buns,coffee,Canned,Pepsi,Industrial,Fruit,Juice,chocolate,shopping,bags,,,,,,,,,,,,,,,,,,,,,,,,,,,,
150,fish,rolls/buns,pot,plants,,,,,,,,,,,,,,,,,,,,,,,,,,,,,,,,,,,,
151,newspapers,,,,,,,,,,,,,,,,,,,,,,,,,,,,,,,,,,,,,,,
152,red/blush,wine,,,,,,,,,,,,,,,,,,,,,,,,,,,,,,,,,,,,,,
153,Pepsi,,,,,,,,,,,,,,,,,,,,,,,,,,,,,,,,,,,,,,,
154,Martadella,whole,milk,pastry,sauces,,,,,,,,,,,,,,,,,,,,,,,,,,,,,,,,,,,
155,Halawa,sausage,citrus,fruit,root,vegetables,other,vegetables,yogurt,soft,cheese,spread,cheese,rolls/buns,bottled,water,,,,,,,,,,,,,,,,,,,,,,,,
156,Halawa,beef,brown,bread,margarine,soda,candy,,,,,,,,,,,,,,,,,,,,,,,,,,,,,,,,,
157,Canned,Pepsi,,,,,,,,,,,,,,,,,,,,,,,,,,,,,,,,,,,,,,
158,beverages,cream,cheese,,,,,,,,,,,,,,,,,,,,,,,,,,,,,,,,,,,,,
159,Canned,Pepsi,,,,,,,,,,,,,,,,,,,,,,,,,,,,,,,,,,,,,,
160,pip,fruit,butter,frozen,meals,pasta,bottled,water,,,,,,,,,,,,,,,,,,,,,,,,,,,,,,,,
161,pip,fruit,onions,whole,milk,yogurt,frozen,vegetables,frozen,fish,rolls/buns,semi-finished,bread,margarine,Pepsi,,,,,,,,,,,,,,,,,,,,,,,,,
162,sausage,tropical,fruit,whole,milk,yogurt,whipped/sour,cream,white,bread,bottled,water,,,,,,,,,,,,,,,,,,,,,,,,,,,,
163,whole,milk,domestic,eggs,brown,bread,pastry,,,,,,,,,,,,,,,,,,,,,,,,,,,,,,,,,
164,tropical,fruit,other,vegetables,whole,milk,yogurt,cream,cheese,curd,cheese,domestic,eggs,sugar,fruit/vegetable,juice,napkins,,,,,,,,,,,,,,,,,,,,,,,
165,other,vegetables,rolls/buns,fruit/vegetable,juice,cooking,chocolate,,,,,,,,,,,,,,,,,,,,,,,,,,,,,,,,,
166,other,vegetables,soda,shopping,bags,,,,,,,,,,,,,,,,,,,,,,,,,,,,,,,,,,,
167,whole,milk,,,,,,,,,,,,,,,,,,,,,,,,,,,,,,,,,,,,,,
168,spread,cheese,brown,bread,Canned,Pepsi,red/blush,wine,,,,,,,,,,,,,,,,,,,,,,,,,,,,,,,,
169,tropical,fruit,whole,milk,curd,yogurt,sliced,cheese,mayonnaise,frozen,meals,pastry,soda,,,,,,,,,,,,,,,,,,,,,,,,,,,
170,sausage,beef,Frozen,beef,slicesburger,meat,other,vegetables,whole,milk,butter,domestic,eggs,roll,products,sauces,Pepsi,,,,,,,,,,,,,,,,,,,,,,,
171,Halawa,Martadella,beef,Frozen,beef,slicesburger,meat,other,vegetables,whole,milk,butter,curd,yogurt,whipped/sour,cream,cream,cheese,frozen,vegetables,domestic,eggs,rolls/buns,sugar,mustard,ketchup,meat,spreads,canned,fish,Pepsi,chewing,gum,decalcifier,hygiene,articles,,,,
172,Frozen,beef,slicesburger,meat,tropical,fruit,other,vegetables,whole,milk,butter,curd,dessert,yogurt,whipped/sour,cream,UHT-milk,domestic,eggs,pastry,flour,margarine,cereals,canned,fish,cat,food,bottled,water,Pepsi,hygiene,articles,napkins,,,,,,,
173,brown,bread,Canned,honey,,,,,,,,,,,,,,,,,,,,,,,,,,,,,,,,,,,,
174,whole,milk,yogurt,,,,,,,,,,,,,,,,,,,,,,,,,,,,,,,,,,,,,
175,whole,milk,yogurt,frozen,potato,products,brown,bread,napkins,,,,,,,,,,,,,,,,,,,,,,,,,,,,,,,
176,brown,bread,soda,,,,,,,,,,,,,,,,,,,,,,,,,,,,,,,,,,,,,
177,domestic,eggs,specialty,bar,seasonal,products,shopping,bags,,,,,,,,,,,,,,,,,,,,,,,,,,,,,,,,
178,Canned,Pepsi,,,,,,,,,,,,,,,,,,,,,,,,,,,,,,,,,,,,,,
179,coffee,misc.,beverages,Pepsi,,,,,,,,,,,,,,,,,,,,,,,,,,,,,,,,,,,,
180,curd,flour,Ginger,powder,(appetizer),,,,,,,,,,,,,,,,,,,,,,,,,,,,,,,,,,,
181,Frozen,beef,slices,frozen,potato,products,white,bread,pastry,cat,food,bottled,water,soda,candy,sound,storage,medium,shopping,bags,,,,,,,,,,,,,,,,,,,,
182,chocolate,,,,,,,,,,,,,,,,,,,,,,,,,,,,,,,,,,,,,,,
183,Frozen,beef,slicesburger,meat,tropical,fruit,root,vegetables,whole,milk,frozen,meals,rolls/buns,pasta,waffles,,,,,,,,,,,,,,,,,,,,,,,,,
184,Halawa,packaged,fruit/vegetables,soft,cheese,soda,,,,,,,,,,,,,,,,,,,,,,,,,,,,,,,,,,
185,sausage,other,vegetables,yogurt,soda,shopping,bags,,,,,,,,,,,,,,,,,,,,,,,,,,,,,,,,,
186,rolls/buns,pastry,coffee,,,,,,,,,,,,,,,,,,,,,,,,,,,,,,,,,,,,,
187,butter,domestic,eggs,flour,soups,baking,powder,,,,,,,,,,,,,,,,,,,,,,,,,,,,,,,,,
188,citrus,fruit,whole,milk,yogurt,spread,cheese,brown,bread,Pepsi,Powedered,honny,long,life,bakery,product,flower,(seeds),,,,,,,,,,,,,,,,,,,,,,
189,tropical,fruit,pip,fruit,,,,,,,,,,,,,,,,,,,,,,,,,,,,,,,,,,,,
190,yogurt,whipped/sour,cream,flour,margarine,sugar,baking,powder,cat,food,soda,fruit/vegetable,juice,chocolate,hygiene,articles,napkins,newspapers,,,,,,,,,,,,,,,,,,,,,,
191,Martadella,citrus,fruit,root,vegetables,whole,milk,dessert,yogurt,frozen,fish,margarine,pickled,vegetables,chocolate,candy,,,,,,,,,,,,,,,,,,,,,,,,
192,tropical,fruit,dessert,yogurt,domestic,eggs,oil,fruit/vegetable,juice,,,,,,,,,,,,,,,,,,,,,,,,,,,,,,,
193,Frozen,beef,slices,root,vegetables,whipped/sour,cream,ketchup,,,,,,,,,,,,,,,,,,,,,,,,,,,,,,,,
194,yogurt,cream,cheese,rolls/buns,,,,,,,,,,,,,,,,,,,,,,,,,,,,,,,,,,,,
195,organic,sausage,citrus,fruit,whole,milk,whipped/sour,cream,hard,cheese,rolls/buns,pastry,Pepsi,long,life,bakery,product,detergent,napkins,house,keeping,products,candles,,,,,,,,,,,,,,,,,
196,Frozen,beef,slicesburger,meat,yogurt,margarine,sauces,canned,vegetables,soda,,,,,,,,,,,,,,,,,,,,,,,,,,,,,,
197,Pepsi,,,,,,,,,,,,,,,,,,,,,,,,,,,,,,,,,,,,,,,
198,whipped/sour,cream,,,,,,,,,,,,,,,,,,,,,,,,,,,,,,,,,,,,,,
199,Martadella,root,vegetables,other,vegetables,whole,milk,dishes,,,,,,,,,,,,,,,,,,,,,,,,,,,,,,,,
200,salty,snack,candy,,,,,,,,,,,,,,,,,,,,,,,,,,,,,,,,,,,,,
201,beverages,frozen,vegetables,soda,fruit/vegetable,juice,popcorn,newspapers,,,,,,,,,,,,,,,,,,,,,,,,,,,,,,,,
202,chicken,newspapers,,,,,,,,,,,,,,,,,,,,,,,,,,,,,,,,,,,,,,
203,Pepsi,,,,,,,,,,,,,,,,,,,,,,,,,,,,,,,,,,,,,,,
204,fruit/vegetable,juice,chocolate,,,,,,,,,,,,,,,,,,,,,,,,,,,,,,,,,,,,,
205,tropical,fruit,whole,milk,cream,cheese,processed,cheese,rolls/buns,shopping,bags,,,,,,,,,,,,,,,,,,,,,,,,,,,,,
206,beef,whipped/sour,cream,napkins,,,,,,,,,,,,,,,,,,,,,,,,,,,,,,,,,,,,
207,beef,packaged,fruit/vegetables,pot,plants,,,,,,,,,,,,,,,,,,,,,,,,,,,,,,,,,,,
208,misc.,beverages,,,,,,,,,,,,,,,,,,,,,,,,,,,,,,,,,,,,,,
209,brown,bread,hair,spray,,,,,,,,,,,,,,,,,,,,,,,,,,,,,,,,,,,,
210,butter,rolls/buns,pastry,bottled,water,Canned,Pepsi,waffles,,,,,,,,,,,,,,,,,,,,,,,,,,,,,,,,
211,sausage,fish,other,vegetables,brown,bread,shopping,bags,,,,,,,,,,,,,,,,,,,,,,,,,,,,,,,,
212,whole,milk,yogurt,hard,cheese,cream,cheese,margarine,sugar,misc.,beverages,detergent,dishes,,,,,,,,,,,,,,,,,,,,,,,,,,,
213,sausage,meat,,,,,,,,,,,,,,,,,,,,,,,,,,,,,,,,,,,,,,
214,Halawa,onions,whole,milk,,,,,,,,,,,,,,,,,,,,,,,,,,,,,,,,,,,,
215,whole,milk,,,,,,,,,,,,,,,,,,,,,,,,,,,,,,,,,,,,,,
216,Halawa,,,,,,,,,,,,,,,,,,,,,,,,,,,,,,,,,,,,,,,
217,hard,cheese,soda,,,,,,,,,,,,,,,,,,,,,,,,,,,,,,,,,,,,,
218,yogurt,rolls/buns,,,,,,,,,,,,,,,,,,,,,,,,,,,,,,,,,,,,,,
219,onions,dessert,yogurt,domestic,eggs,rolls/buns,brown,bread,pastry,cat,food,bottled,water,soda,fruit/vegetable,juice,long,life,bakery,product,chocolate,female,sanitary,products,napkins,,,,,,,,,,,,,,,
220,tropical,fruit,other,vegetables,,,,,,,,,,,,,,,,,,,,,,,,,,,,,,,,,,,,
221,beef,citrus,fruit,pip,fruit,root,vegetables,other,vegetables,whipped/sour,cream,margarine,canned,vegetables,cat,food,shopping,bags,,,,,,,,,,,,,,,,,,,,,,
222,whole,milk,,,,,,,,,,,,,,,,,,,,,,,,,,,,,,,,,,,,,,
223,Halawa,whole,milk,frozen,meals,domestic,eggs,white,bread,pastry,Pepsi,chocolate,,,,,,,,,,,,,,,,,,,,,,,,,,,,
224,Martadella,other,vegetables,specialty,fat,,,,,,,,,,,,,,,,,,,,,,,,,,,,,,,,,,,
225,salty,snack,,,,,,,,,,,,,,,,,,,,,,,,,,,,,,,,,,,,,,
226,sausage,other,vegetables,sliced,cheese,rolls/buns,coffee,soda,shopping,bags,,,,,,,,,,,,,,,,,,,,,,,,,,,,,,
227,sausage,citrus,fruit,tropical,fruit,grapes,other,vegetables,packaged,fruit/vegetables,butter,curd,butter,milk,yogurt,brown,bread,flour,fruit/vegetable,juice,waffles,candy,shopping,bags,,,,,,,,,,,,,,,,
228,finished,products,misc.,beverages,,,,,,,,,,,,,,,,,,,,,,,,,,,,,,,,,,,,
229,Frozen,beef,slices,pip,fruit,herbs,other,vegetables,butter,rolls/buns,white,bread,oil,canned,fish,soda,,,,,,,,,,,,,,,,,,,,,,,,
230,meat,other,vegetables,pickled,vegetables,coffee,Ginger,powder,long,life,bakery,product,newspapers,,,,,,,,,,,,,,,,,,,,,,,,,,,
231,sausage,tropical,fruit,berries,other,vegetables,dessert,frozen,fish,frozen,potato,products,red/blush,wine,seasonal,products,,,,,,,,,,,,,,,,,,,,,,,,
232,other,vegetables,hard,cheese,frozen,vegetables,fruit/vegetable,juice,long,life,bakery,product,,,,,,,,,,,,,,,,,,,,,,,,,,,,
233,Halawa,sausage,rolls/buns,brown,bread,soda,shopping,bags,,,,,,,,,,,,,,,,,,,,,,,,,,,,,,,,
234,Canned,Pepsi,,,,,,,,,,,,,,,,,,,,,,,,,,,,,,,,,,,,,,
235,red/blush,wine,,,,,,,,,,,,,,,,,,,,,,,,,,,,,,,,,,,,,,
236,whole,milk,,,,,,,,,,,,,,,,,,,,,,,,,,,,,,,,,,,,,,
237,Pepsi,,,,,,,,,,,,,,,,,,,,,,,,,,,,,,,,,,,,,,,
238,sausage,citrus,fruit,tropical,fruit,other,vegetables,whole,milk,yogurt,rolls/buns,bottled,water,soda,chocolate,newspapers,,,,,,,,,,,,,,,,,,,,,,,,
239,Frozen,beef,slicesburger,meat,other,vegetables,hard,cheese,frozen,vegetables,,,,,,,,,,,,,,,,,,,,,,,,,,,,,,
240,newspapers,,,,,,,,,,,,,,,,,,,,,,,,,,,,,,,,,,,,,,,
241,Martadella,beverages,,,,,,,,,,,,,,,,,,,,,,,,,,,,,,,,,,,,,,
242,Canned,Pepsi,Powedered,honny,,,,,,,,,,,,,,,,,,,,,,,,,,,,,,,,,,,,
243,shopping,bags,,,,,,,,,,,,,,,,,,,,,,,,,,,,,,,,,,,,,,
244,citrus,fruit,yogurt,soda,,,,,,,,,,,,,,,,,,,,,,,,,,,,,,,,,,,,
245,butter,cleaner,,,,,,,,,,,,,,,,,,,,,,,,,,,,,,,,,,,,,,
246,white,bread,soda,shopping,bags,,,,,,,,,,,,,,,,,,,,,,,,,,,,,,,,,,,
247,bottled,water,misc.,beverages,cooking,chocolate,,,,,,,,,,,,,,,,,,,,,,,,,,,,,,,,,,
248,sausage,pip,fruit,whole,milk,potato,products,,,,,,,,,,,,,,,,,,,,,,,,,,,,,,,,,
249,bottled,water,napkins,,,,,,,,,,,,,,,,,,,,,,,,,,,,,,,,,,,,,
250,prosecco,,,,,,,,,,,,,,,,,,,,,,,,,,,,,,,,,,,,,,,
251,soda,,,,,,,,,,,,,,,,,,,,,,,,,,,,,,,,,,,,,,,
252,other,vegetables,curd,yogurt,curd,cheese,margarine,cleaner,hygiene,articles,,,,,,,,,,,,,,,,,,,,,,,,,,,,,,
253,curd,napkins,,,,,,,,,,,,,,,,,,,,,,,,,,,,,,,,,,,,,,
254,sausage,Frozen,beef,slices,tropical,fruit,whole,milk,butter,processed,cheese,rolls/buns,potato,products,rice,margarine,cereals,cat,food,fruit/vegetable,juice,Pepsi,chocolate,napkins,,,,,,,,,,,,,,,,
255,Halawa,sausage,whole,milk,rolls/buns,oil,cocoa,drinks,kitchen,towels,,,,,,,,,,,,,,,,,,,,,,,,,,,,,,
256,citrus,fruit,pip,fruit,other,vegetables,whole,milk,butter,yogurt,salt,,,,,,,,,,,,,,,,,,,,,,,,,,,,,
257,Martadella,,,,,,,,,,,,,,,,,,,,,,,,,,,,,,,,,,,,,,,
258,chicken,whole,milk,,,,,,,,,,,,,,,,,,,,,,,,,,,,,,,,,,,,,
259,whole,milk,brown,bread,flower,(seeds),,,,,,,,,,,,,,,,,,,,,,,,,,,,,,,,,,
260,domestic,eggs,misc.,beverages,,,,,,,,,,,,,,,,,,,,,,,,,,,,,,,,,,,,
261,beef,cat,food,newspapers,,,,,,,,,,,,,,,,,,,,,,,,,,,,,,,,,,,,
262,Frozen,beef,slicesburger,meat,onions,whole,milk,frozen,vegetables,bottled,water,rum,,,,,,,,,,,,,,,,,,,,,,,,,,,,
263,other,vegetables,whole,milk,napkins,,,,,,,,,,,,,,,,,,,,,,,,,,,,,,,,,,,
264,finished,products,other,vegetables,long,life,bakery,product,,,,,,,,,,,,,,,,,,,,,,,,,,,,,,,,
265,Frozen,beef,slices,whole,milk,domestic,eggs,tea,bottled,water,Pepsi,,,,,,,,,,,,,,,,,,,,,,,,,,,,,
266,beef,dessert,sugar,Pepsi,,,,,,,,,,,,,,,,,,,,,,,,,,,,,,,,,,,,
267,cling,film/bags,,,,,,,,,,,,,,,,,,,,,,,,,,,,,,,,,,,,,,
268,citrus,fruit,whole,milk,butter,milk,whipped/sour,cream,,,,,,,,,,,,,,,,,,,,,,,,,,,,,,,,
269,shopping,bags,,,,,,,,,,,,,,,,,,,,,,,,,,,,,,,,,,,,,,
270,citrus,fruit,pastry,,,,,,,,,,,,,,,,,,,,,,,,,,,,,,,,,,,,,
271,Canned,Pepsi,,,,,,,,,,,,,,,,,,,,,,,,,,,,,,,,,,,,,,
272,berries,packaged,fruit/vegetables,whole,milk,ice,cream,fruit/vegetable,juice,salty,snack,specialty,bar,,,,,,,,,,,,,,,,,,,,,,,,,,,
273,soda,specialty,chocolate,,,,,,,,,,,,,,,,,,,,,,,,,,,,,,,,,,,,,
274,pastry,pickled,vegetables,Canned,Pepsi,,,,,,,,,,,,,,,,,,,,,,,,,,,,,,,,,,,
275,soda,specialty,bar,,,,,,,,,,,,,,,,,,,,,,,,,,,,,,,,,,,,,
276,soda,,,,,,,,,,,,,,,,,,,,,,,,,,,,,,,,,,,,,,,
277,Pepsi,seasonal,products,,,,,,,,,,,,,,,,,,,,,,,,,,,,,,,,,,,,,
278,sausage,whole,milk,rolls/buns,coffee,chocolate,,,,,,,,,,,,,,,,,,,,,,,,,,,,,,,,,,
279,Halawa,onions,butter,milk,spices,soups,soda,shopping,bags,,,,,,,,,,,,,,,,,,,,,,,,,,,,,,,
280,frozen,fish,Pepsi,,,,,,,,,,,,,,,,,,,,,,,,,,,,,,,,,,,,,
281,Martadella,citrus,fruit,grapes,root,vegetables,whole,milk,ready,soups,pot,plants,,,,,,,,,,,,,,,,,,,,,,,,,,,,
282,meat,citrus,fruit,root,vegetables,whole,milk,dessert,yogurt,waffles,detergent,,,,,,,,,,,,,,,,,,,,,,,,,,,,,
283,rolls/buns,,,,,,,,,,,,,,,,,,,,,,,,,,,,,,,,,,,,,,,
284,herbs,other,vegetables,hygiene,articles,napkins,,,,,,,,,,,,,,,,,,,,,,,,,,,,,,,,,,
285,chicken,whole,milk,,,,,,,,,,,,,,,,,,,,,,,,,,,,,,,,,,,,,
286,Halawa,beef,other,vegetables,cream,cheese,domestic,eggs,baking,powder,salty,snack,shopping,bags,,,,,,,,,,,,,,,,,,,,,,,,,,
287,tropical,fruit,other,vegetables,yogurt,spread,cheese,soda,,,,,,,,,,,,,,,,,,,,,,,,,,,,,,,,
288,Frozen,beef,slicesburger,meat,whipped/sour,cream,cream,cheese,rolls/buns,pasta,canned,fish,popcorn,,,,,,,,,,,,,,,,,,,,,,,,,,,
289,Martadella,Frozen,beef,slicesburger,meat,pip,fruit,grapes,root,vegetables,other,vegetables,whole,milk,yogurt,cream,cheese,frozen,dessert,sugar,meat,spreads,soda,fruit/vegetable,juice,,,,,,,,,,,,,,,
290,tropical,fruit,pip,fruit,whole,milk,rolls/buns,pastry,fruit/vegetable,juice,salty,snack,detergent,make,up,remover,,,,,,,,,,,,,,,,,,,,,,,,
291,soda,syrup,,,,,,,,,,,,,,,,,,,,,,,,,,,,,,,,,,,,,,
292,whole,milk,,,,,,,,,,,,,,,,,,,,,,,,,,,,,,,,,,,,,,
293,Martadella,citrus,fruit,other,vegetables,domestic,eggs,margarine,Canned,Pepsi,,,,,,,,,,,,,,,,,,,,,,,,,,,,,,
294,Canned,Pepsi,,,,,,,,,,,,,,,,,,,,,,,,,,,,,,,,,,,,,,
295,sausage,UHT-milk,flour,flower,(seeds),,,,,,,,,,,,,,,,,,,,,,,,,,,,,,,,,,,
296,berries,root,vegetables,other,vegetables,butter,milk,yogurt,mayonnaise,zwieback,shopping,bags,,,,,,,,,,,,,,,,,,,,,,,,,,,,
297,yogurt,coffee,,,,,,,,,,,,,,,,,,,,,,,,,,,,,,,,,,,,,,
298,root,vegetables,,,,,,,,,,,,,,,,,,,,,,,,,,,,,,,,,,,,,,
299,citrus,fruit,pip,fruit,whole,milk,margarine,,,,,,,,,,,,,,,,,,,,,,,,,,,,,,,,,
300,rolls/buns,margarine,bottled,water,rum,red/blush,wine,long,life,bakery,product,waffles,chocolate,,,,,,,,,,,,,,,,,,,,,,,,,,,
301,sausage,chicken,Frozen,beef,slicesburger,meat,pip,fruit,berries,other,vegetables,whole,milk,dessert,butter,milk,UHT-milk,domestic,eggs,salty,snack,,,,,,,,,,,,,,,,,,,
302,dessert,frozen,potato,products,specialty,chocolate,,,,,,,,,,,,,,,,,,,,,,,,,,,,,,,,,,
303,bottled,water,,,,,,,,,,,,,,,,,,,,,,,,,,,,,,,,,,,,,,
304,other,vegetables,whole,milk,frozen,potato,products,brown,bread,semi-finished,bread,salt,canned,vegetables,,,,,,,,,,,,,,,,,,,,,,,,,,
305,sausage,Martadella,Frozen,beef,slicesburger,meat,tropical,fruit,pip,fruit,whole,milk,yogurt,sliced,cheese,frozen,vegetables,white,bread,dog,food,coffee,bottled,water,fruit/vegetable,juice,long,life,bakery,product,specialty,chocolate,specialty,bar,chocolate,marshmallow,hygiene,articles,pot,plants
306,soda,,,,,,,,,,,,,,,,,,,,,,,,,,,,,,,,,,,,,,,
307,frozen,fish,,,,,,,,,,,,,,,,,,,,,,,,,,,,,,,,,,,,,,
308,onions,whole,milk,domestic,eggs,rolls/buns,margarine,bottled,water,newspapers,,,,,,,,,,,,,,,,,,,,,,,,,,,,,,
309,berries,whole,milk,flour,baking,powder,dog,food,chocolate,,,,,,,,,,,,,,,,,,,,,,,,,,,,,,,
310,tropical,fruit,pip,fruit,other,vegetables,frozen,vegetables,ice,cream,brown,bread,pastry,flour,pickled,vegetables,coffee,soda,misc.,beverages,fruit/vegetable,juice,,,,,,,,,,,,,,,,,,
311,whole,milk,pastry,bottled,water,hygiene,articles,,,,,,,,,,,,,,,,,,,,,,,,,,,,,,,,,
312,sausage,whole,milk,curd,cat,food,,,,,,,,,,,,,,,,,,,,,,,,,,,,,,,,,,
313,Halawa,sausage,curd,whipped/sour,cream,frozen,vegetables,jam,long,life,bakery,product,candy,,,,,,,,,,,,,,,,,,,,,,,,,,,
314,rolls/buns,bottled,water,Pepsi,,,,,,,,,,,,,,,,,,,,,,,,,,,,,,,,,,,,
315,citrus,fruit,zwieback,newspapers,,,,,,,,,,,,,,,,,,,,,,,,,,,,,,,,,,,,
316,sausage,whole,milk,rolls/buns,coffee,newspapers,,,,,,,,,,,,,,,,,,,,,,,,,,,,,,,,,,
317,whole,milk,brown,bread,,,,,,,,,,,,,,,,,,,,,,,,,,,,,,,,,,,,
318,Frozen,beef,slicesburger,meat,grapes,whole,milk,pastry,pasta,soda,,,,,,,,,,,,,,,,,,,,,,,,,,,,,,
319,Pepsi,,,,,,,,,,,,,,,,,,,,,,,,,,,,,,,,,,,,,,,
320,sausage,citrus,fruit,berries,other,vegetables,whole,milk,yogurt,whipped/sour,cream,cream,cheese,frozen,vegetables,domestic,eggs,pastry,margarine,soups,canned,fish,chocolate,candy,napkins,,,,,,,,,,,,,,,
321,root,vegetables,other,vegetables,whole,milk,curd,cream,cheese,domestic,eggs,misc.,beverages,napkins,,,,,,,,,,,,,,,,,,,,,,,,,,
322,pip,fruit,rolls/buns,prosecco,seasonal,products,pot,plants,shopping,bags,,,,,,,,,,,,,,,,,,,,,,,,,,,,,,
323,Frozen,beef,slices,domestic,eggs,pastry,long,life,bakery,product,waffles,specialty,chocolate,dishes,shopping,bags,,,,,,,,,,,,,,,,,,,,,,,,
324,sausage,rolls/buns,Canned,Pepsi,,,,,,,,,,,,,,,,,,,,,,,,,,,,,,,,,,,,
325,rolls/buns,soda,,,,,,,,,,,,,,,,,,,,,,,,,,,,,,,,,,,,,,
326,tropical,fruit,whole,milk,white,bread,brown,bread,misc.,beverages,Pepsi,,,,,,,,,,,,,,,,,,,,,,,,,,,,,
327,Frozen,beef,slices,finished,products,whipped/sour,cream,hard,cheese,pasta,,,,,,,,,,,,,,,,,,,,,,,,,,,,,,
328,citrus,fruit,other,vegetables,butter,brown,bread,baking,powder,bottled,water,soda,,,,,,,,,,,,,,,,,,,,,,,,,,,,
329,beef,citrus,fruit,root,vegetables,whole,milk,rolls/buns,pastry,coffee,seasonal,products,,,,,,,,,,,,,,,,,,,,,,,,,,,,
330,Frozen,beef,slicesburger,meat,hard,cheese,frozen,vegetables,soda,,,,,,,,,,,,,,,,,,,,,,,,,,,,,,,
331,finished,products,dessert,pastry,shopping,bags,,,,,,,,,,,,,,,,,,,,,,,,,,,,,,,,,,
332,Martadella,rolls/buns,pastry,napkins,newspapers,,,,,,,,,,,,,,,,,,,,,,,,,,,,,,,,,,,
333,sausage,root,vegetables,soda,Pepsi,salty,snack,popcorn,,,,,,,,,,,,,,,,,,,,,,,,,,,,,,,,
334,pip,fruit,Canned,Pepsi,shopping,bags,,,,,,,,,,,,,,,,,,,,,,,,,,,,,,,,,,
335,sausage,citrus,fruit,berries,whipped/sour,cream,rolls/buns,Canned,Pepsi,specialty,bar,napkins,,,,,,,,,,,,,,,,,,,,,,,,,,,,
336,packaged,fruit/vegetables,,,,,,,,,,,,,,,,,,,,,,,,,,,,,,,,,,,,,,
337,chicken,citrus,fruit,root,vegetables,,,,,,,,,,,,,,,,,,,,,,,,,,,,,,,,,,,
338,coffee,female,sanitary,products,napkins,,,,,,,,,,,,,,,,,,,,,,,,,,,,,,,,,,,
339,other,vegetables,cake,bar,,,,,,,,,,,,,,,,,,,,,,,,,,,,,,,,,,,,
340,Halawa,citrus,fruit,pip,fruit,butter,milk,beverages,frozen,meals,brown,bread,pickled,vegetables,shopping,bags,,,,,,,,,,,,,,,,,,,,,,,,
341,citrus,fruit,instant,coffee,fruit/vegetable,juice,Canned,Pepsi,chocolate,candy,house,keeping,products,shopping,bags,,,,,,,,,,,,,,,,,,,,,,,,,
342,candy,,,,,,,,,,,,,,,,,,,,,,,,,,,,,,,,,,,,,,,
343,Canned,Pepsi,,,,,,,,,,,,,,,,,,,,,,,,,,,,,,,,,,,,,,
344,other,vegetables,,,,,,,,,,,,,,,,,,,,,,,,,,,,,,,,,,,,,,
345,pastry,coffee,,,,,,,,,,,,,,,,,,,,,,,,,,,,,,,,,,,,,,
346,curd,soda,cake,bar,,,,,,,,,,,,,,,,,,,,,,,,,,,,,,,,,,,,
347,Martadella,,,,,,,,,,,,,,,,,,,,,,,,,,,,,,,,,,,,,,,
348,other,vegetables,whole,milk,frozen,vegetables,frozen,dessert,soups,soda,napkins,flower,(seeds),,,,,,,,,,,,,,,,,,,,,,,,,,,
349,Martadella,citrus,fruit,tropical,fruit,spread,cheese,bottled,water,,,,,,,,,,,,,,,,,,,,,,,,,,,,,,,
350,yogurt,,,,,,,,,,,,,,,,,,,,,,,,,,,,,,,,,,,,,,,
351,citrus,fruit,tropical,fruit,,,,,,,,,,,,,,,,,,,,,,,,,,,,,,,,,,,,
352,Canned,Pepsi,,,,,,,,,,,,,,,,,,,,,,,,,,,,,,,,,,,,,,
353,specialty,chocolate,,,,,,,,,,,,,,,,,,,,,,,,,,,,,,,,,,,,,,
354,other,vegetables,whipped/sour,cream,condensed,milk,salt,,,,,,,,,,,,,,,,,,,,,,,,,,,,,,,,,
355,tropical,fruit,berries,root,vegetables,whole,milk,butter,yogurt,whipped/sour,cream,sliced,cheese,hard,cheese,specialty,chocolate,napkins,,,,,,,,,,,,,,,,,,,,,,
356,beef,Frozen,beef,slicesburger,meat,pip,fruit,,,,,,,,,,,,,,,,,,,,,,,,,,,,,,,,,
357,red/blush,wine,,,,,,,,,,,,,,,,,,,,,,,,,,,,,,,,,,,,,,
358,citrus,fruit,tropical,fruit,whole,milk,pastry,margarine,candles,,,,,,,,,,,,,,,,,,,,,,,,,,,,,,,
359,turkey,beef,semi-finished,bread,,,,,,,,,,,,,,,,,,,,,,,,,,,,,,,,,,,,
360,Halawa,onions,soft,cheese,white,bread,pastry,salt,chocolate,newspapers,shopping,bags,,,,,,,,,,,,,,,,,,,,,,,,,,,,
361,chicken,root,vegetables,whole,milk,butter,milk,rolls/buns,soda,dish,cleaner,baby,cosmetics,kitchen,towels,,,,,,,,,,,,,,,,,,,,,,,,,
362,dishes,,,,,,,,,,,,,,,,,,,,,,,,,,,,,,,,,,,,,,,
363,frozen,meals,,,,,,,,,,,,,,,,,,,,,,,,,,,,,,,,,,,,,,
364,Frozen,beef,slices,grapes,spread,cheese,ice,cream,frozen,potato,products,white,bread,oil,pudding,powder,,,,,,,,,,,,,,,,,,,,,,,,
365,tropical,fruit,dessert,yogurt,soda,candy,,,,,,,,,,,,,,,,,,,,,,,,,,,,,,,,,,
366,bottled,water,,,,,,,,,,,,,,,,,,,,,,,,,,,,,,,,,,,,,,
367,Martadella,cat,food,,,,,,,,,,,,,,,,,,,,,,,,,,,,,,,,,,,,,
368,butter,rolls/buns,newspapers,,,,,,,,,,,,,,,,,,,,,,,,,,,,,,,,,,,,,
369,Canned,Pepsi,,,,,,,,,,,,,,,,,,,,,,,,,,,,,,,,,,,,,,
370,other,vegetables,whole,milk,specialty,cheese,,,,,,,,,,,,,,,,,,,,,,,,,,,,,,,,,,
371,pastry,,,,,,,,,,,,,,,,,,,,,,,,,,,,,,,,,,,,,,,
372,citrus,fruit,cream,cheese,,,,,,,,,,,,,,,,,,,,,,,,,,,,,,,,,,,,
373,sausage,chicken,other,vegetables,whole,milk,yogurt,cream,cheese,brown,bread,soda,,,,,,,,,,,,,,,,,,,,,,,,,,,,
374,whole,milk,dessert,bottled,water,,,,,,,,,,,,,,,,,,,,,,,,,,,,,,,,,,,
375,whole,milk,,,,,,,,,,,,,,,,,,,,,,,,,,,,,,,,,,,,,,
376,pip,fruit,,,,,,,,,,,,,,,,,,,,,,,,,,,,,,,,,,,,,,
377,Ginger,powder,,,,,,,,,,,,,,,,,,,,,,,,,,,,,,,,,,,,,,
378,rolls/buns,,,,,,,,,,,,,,,,,,,,,,,,,,,,,,,,,,,,,,,
379,sausage,chicken,pip,fruit,berries,other,vegetables,dessert,yogurt,frozen,vegetables,frozen,meals,brown,bread,semi-finished,bread,ketchup,spices,ready,soups,soda,Canned,Pepsi,popcorn,,,,,,,,,,,,,,,
380,sugar,,,,,,,,,,,,,,,,,,,,,,,,,,,,,,,,,,,,,,,
381,pip,fruit,whole,milk,rolls/buns,sugar,baking,powder,,,,,,,,,,,,,,,,,,,,,,,,,,,,,,,,
382,Martadella,root,vegetables,onions,other,vegetables,whole,milk,butter,frozen,vegetables,domestic,eggs,rolls/buns,Pepsi,Canned,Pepsi,napkins,,,,,,,,,,,,,,,,,,,,,,
383,citrus,fruit,root,vegetables,other,vegetables,coffee,Ginger,powder,chocolate,candy,seasonal,products,flower,(seeds),shopping,bags,,,,,,,,,,,,,,,,,,,,,,,
384,other,vegetables,,,,,,,,,,,,,,,,,,,,,,,,,,,,,,,,,,,,,,
385,Frozen,beef,slicesburger,meat,margarine,soda,bathroom,cleaner,,,,,,,,,,,,,,,,,,,,,,,,,,,,,,,,
386,UHT-milk,coffee,,,,,,,,,,,,,,,,,,,,,,,,,,,,,,,,,,,,,,
387,other,vegetables,whipped/sour,cream,specialty,cheese,domestic,eggs,,,,,,,,,,,,,,,,,,,,,,,,,,,,,,,,
388,sausage,tropical,fruit,butter,frozen,meals,pasta,fruit/vegetable,juice,,,,,,,,,,,,,,,,,,,,,,,,,,,,,,,
389,citrus,fruit,pastry,,,,,,,,,,,,,,,,,,,,,,,,,,,,,,,,,,,,,
390,yogurt,soft,cheese,,,,,,,,,,,,,,,,,,,,,,,,,,,,,,,,,,,,,
391,bottled,water,,,,,,,,,,,,,,,,,,,,,,,,,,,,,,,,,,,,,,
392,pip,fruit,whole,milk,,,,,,,,,,,,,,,,,,,,,,,,,,,,,,,,,,,,
393,Halawa,Martadella,beef,tropical,fruit,root,vegetables,other,vegetables,butter,rolls/buns,pastry,coffee,fruit/vegetable,juice,chocolate,hygiene,articles,newspapers,,,,,,,,,,,,,,,,,,,,,
394,sausage,bottled,water,red/blush,wine,,,,,,,,,,,,,,,,,,,,,,,,,,,,,,,,,,,
395,white,bread,Canned,Pepsi,,,,,,,,,,,,,,,,,,,,,,,,,,,,,,,,,,,,
396,rolls/buns,long,life,bakery,product,candy,shopping,bags,,,,,,,,,,,,,,,,,,,,,,,,,,,,,,,,
397,softener,newspapers,,,,,,,,,,,,,,,,,,,,,,,,,,,,,,,,,,,,,,
398,beef,citrus,fruit,root,vegetables,onions,curd,hard,cheese,rolls/buns,fruit/vegetable,juice,,,,,,,,,,,,,,,,,,,,,,,,,,,,
399,sausage,rolls/buns,Pepsi,,,,,,,,,,,,,,,,,,,,,,,,,,,,,,,,,,,,,
400,onions,whole,milk,yogurt,rolls/buns,brown,bread,fruit/vegetable,juice,,,,,,,,,,,,,,,,,,,,,,,,,,,,,,,
401,rolls/buns,,,,,,,,,,,,,,,,,,,,,,,,,,,,,,,,,,,,,,,
402,tropical,fruit,other,vegetables,whole,milk,fruit/vegetable,juice,long,life,bakery,product,shopping,bags,,,,,,,,,,,,,,,,,,,,,,,,,,
403,specialty,chocolate,,,,,,,,,,,,,,,,,,,,,,,,,,,,,,,,,,,,,,
404,Canned,Pepsi,,,,,,,,,,,,,,,,,,,,,,,,,,,,,,,,,,,,,,
405,sausage,whole,milk,yogurt,whipped/sour,cream,pastry,fruit/vegetable,juice,candy,,,,,,,,,,,,,,,,,,,,,,,,,,,,,,
406,Martadella,beef,other,vegetables,whole,milk,yogurt,margarine,fruit/vegetable,juice,,,,,,,,,,,,,,,,,,,,,,,,,,,,,,
407,ice,cream,sugar,coffee,bottled,water,soda,fruit/vegetable,juice,shopping,bags,,,,,,,,,,,,,,,,,,,,,,,,,,,,,
408,root,vegetables,domestic,eggs,white,bread,,,,,,,,,,,,,,,,,,,,,,,,,,,,,,,,,,
409,citrus,fruit,berries,other,vegetables,whole,milk,dessert,whipped/sour,cream,cream,cheese,bottled,water,,,,,,,,,,,,,,,,,,,,,,,,,,
410,Halawa,citrus,fruit,whole,milk,domestic,eggs,oil,Canned,honey,specialty,chocolate,newspapers,,,,,,,,,,,,,,,,,,,,,,,,,,,
411,sausage,whole,milk,frozen,dessert,mustard,jam,bottled,water,hygiene,articles,,,,,,,,,,,,,,,,,,,,,,,,,,,,,
412,cream,cheese,rolls/buns,,,,,,,,,,,,,,,,,,,,,,,,,,,,,,,,,,,,,
413,curd,yogurt,frozen,vegetables,,,,,,,,,,,,,,,,,,,,,,,,,,,,,,,,,,,,
414,Powedered,honny,,,,,,,,,,,,,,,,,,,,,,,,,,,,,,,,,,,,,,
415,salty,snack,,,,,,,,,,,,,,,,,,,,,,,,,,,,,,,,,,,,,,
416,other,vegetables,soda,specialty,bar,,,,,,,,,,,,,,,,,,,,,,,,,,,,,,,,,,,
417,tropical,fruit,whole,milk,domestic,eggs,brown,bread,soda,Canned,Pepsi,,,,,,,,,,,,,,,,,,,,,,,,,,,,,
418,citrus,fruit,,,,,,,,,,,,,,,,,,,,,,,,,,,,,,,,,,,,,,
419,waffles,,,,,,,,,,,,,,,,,,,,,,,,,,,,,,,,,,,,,,,
420,tropical,fruit,pastry,flour,rum,,,,,,,,,,,,,,,,,,,,,,,,,,,,,,,,,,,
421,meat,other,vegetables,hard,cheese,frozen,meals,bottled,water,soda,,,,,,,,,,,,,,,,,,,,,,,,,,,,,,
422,soda,,,,,,,,,,,,,,,,,,,,,,,,,,,,,,,,,,,,,,,
423,onions,other,vegetables,,,,,,,,,,,,,,,,,,,,,,,,,,,,,,,,,,,,,
424,Halawa,tropical,fruit,other,vegetables,whole,milk,butter,frozen,meals,fruit/vegetable,juice,,,,,,,,,,,,,,,,,,,,,,,,,,,,
425,yogurt,bottled,water,Canned,Pepsi,napkins,,,,,,,,,,,,,,,,,,,,,,,,,,,,,,,,,,
426,pastry,,,,,,,,,,,,,,,,,,,,,,,,,,,,,,,,,,,,,,,
427,soda,,,,,,,,,,,,,,,,,,,,,,,,,,,,,,,,,,,,,,,
428,cream,cheese,coffee,bottled,water,,,,,,,,,,,,,,,,,,,,,,,,,,,,,,,,,,,
429,newspapers,,,,,,,,,,,,,,,,,,,,,,,,,,,,,,,,,,,,,,,
430,soda,chocolate,specialty,bar,napkins,,,,,,,,,,,,,,,,,,,,,,,,,,,,,,,,,,,
431,tropical,fruit,yogurt,rolls/buns,soda,shopping,bags,,,,,,,,,,,,,,,,,,,,,,,,,,,,,,,,,
432,tropical,fruit,yogurt,UHT-milk,cream,cheese,processed,cheese,white,bread,sugar,,,,,,,,,,,,,,,,,,,,,,,,,,,,,
433,hygiene,articles,,,,,,,,,,,,,,,,,,,,,,,,,,,,,,,,,,,,,,
434,Martadella,root,vegetables,other,vegetables,whole,milk,butter,whipped/sour,cream,processed,cheese,domestic,eggs,rolls/buns,white,bread,pastry,jam,soda,waffles,candy,napkins,,,,,,,,,,,,,,,,,
435,flower,soil/fertilizer,,,,,,,,,,,,,,,,,,,,,,,,,,,,,,,,,,,,,,
436,white,bread,flour,oil,sugar,coffee,bottled,water,salty,snack,,,,,,,,,,,,,,,,,,,,,,,,,,,,,,
437,sausage,citrus,fruit,tropical,fruit,other,vegetables,tidbits,shopping,bags,,,,,,,,,,,,,,,,,,,,,,,,,,,,,,
438,whole,milk,frozen,meals,soda,napkins,kitchen,towels,,,,,,,,,,,,,,,,,,,,,,,,,,,,,,,,
439,root,vegetables,other,vegetables,butter,domestic,eggs,bottled,water,soda,misc.,beverages,,,,,,,,,,,,,,,,,,,,,,,,,,,,
440,coffee,,,,,,,,,,,,,,,,,,,,,,,,,,,,,,,,,,,,,,,
441,soda,,,,,,,,,,,,,,,,,,,,,,,,,,,,,,,,,,,,,,,
442,light,bulbs,,,,,,,,,,,,,,,,,,,,,,,,,,,,,,,,,,,,,,
443,berries,root,vegetables,herbs,other,vegetables,whole,milk,curd,cream,cheese,cereals,long,life,bakery,product,waffles,shopping,bags,,,,,,,,,,,,,,,,,,,,,
444,berries,other,vegetables,yogurt,whipped/sour,cream,,,,,,,,,,,,,,,,,,,,,,,,,,,,,,,,,,
445,Martadella,beef,onions,yogurt,UHT-milk,frozen,fish,rolls/buns,margarine,sugar,salty,snack,newspapers,,,,,,,,,,,,,,,,,,,,,,,,,,,
446,citrus,fruit,berries,butter,butter,milk,yogurt,sliced,cheese,frozen,vegetables,frozen,chicken,soda,,,,,,,,,,,,,,,,,,,,,,,,,,
447,other,vegetables,whole,milk,yogurt,rolls/buns,,,,,,,,,,,,,,,,,,,,,,,,,,,,,,,,,,
448,Frozen,beef,slices,onions,whipped/sour,cream,hard,cheese,Pepsi,hygiene,articles,shopping,bags,,,,,,,,,,,,,,,,,,,,,,,,,,,
449,Martadella,onions,other,vegetables,butter,dessert,beverages,UHT-milk,specialty,cheese,frozen,vegetables,rolls/buns,coffee,shopping,bags,,,,,,,,,,,,,,,,,,,,,,,,
450,beverages,,,,,,,,,,,,,,,,,,,,,,,,,,,,,,,,,,,,,,,
451,canned,fish,fruit/vegetable,juice,make,up,remover,,,,,,,,,,,,,,,,,,,,,,,,,,,,,,,,,
452,nuts/prunes,,,,,,,,,,,,,,,,,,,,,,,,,,,,,,,,,,,,,,,
453,root,vegetables,other,vegetables,domestic,eggs,sugar,instant,coffee,bottled,water,soda,Pepsi,red/blush,wine,waffles,specialty,chocolate,,,,,,,,,,,,,,,,,,,,,,
454,sausage,whole,milk,yogurt,hard,cheese,domestic,eggs,brown,bread,salty,snack,waffles,chocolate,newspapers,,,,,,,,,,,,,,,,,,,,,,,,,
455,root,vegetables,dessert,yogurt,cream,cheese,rice,,,,,,,,,,,,,,,,,,,,,,,,,,,,,,,,,
456,sausage,Frozen,beef,slicesburger,meat,other,vegetables,rolls/buns,pasta,Instant,food,products,shopping,bags,,,,,,,,,,,,,,,,,,,,,,,,,,
457,Frozen,beef,slicesburger,meat,whole,milk,curd,rolls/buns,Instant,food,products,hygiene,articles,napkins,,,,,,,,,,,,,,,,,,,,,,,,,,
458,pip,fruit,,,,,,,,,,,,,,,,,,,,,,,,,,,,,,,,,,,,,,
459,other,vegetables,rolls/buns,brown,bread,,,,,,,,,,,,,,,,,,,,,,,,,,,,,,,,,,,
460,other,vegetables,Pepsi,,,,,,,,,,,,,,,,,,,,,,,,,,,,,,,,,,,,,
461,organic,sausage,other,vegetables,Ginger,powder,(appetizer),red/blush,wine,,,,,,,,,,,,,,,,,,,,,,,,,,,,,,,
462,other,vegetables,chocolate,,,,,,,,,,,,,,,,,,,,,,,,,,,,,,,,,,,,,
463,other,vegetables,whole,milk,curd,whipped/sour,cream,domestic,eggs,rolls/buns,,,,,,,,,,,,,,,,,,,,,,,,,,,,,,
464,yogurt,rolls/buns,meat,spreads,soda,,,,,,,,,,,,,,,,,,,,,,,,,,,,,,,,,,,
465,Halawa,Frozen,beef,slicesburger,meat,whole,milk,rolls/buns,potato,products,mustard,coffee,waffles,chocolate,marshmallow,soap,newspapers,,,,,,,,,,,,,,,,,,,,,,,
466,tropical,fruit,frozen,vegetables,rolls/buns,semi-finished,bread,Pepsi,waffles,,,,,,,,,,,,,,,,,,,,,,,,,,,,,,,
467,turkey,whole,milk,Ginger,powder,(appetizer),shopping,bags,,,,,,,,,,,,,,,,,,,,,,,,,,,,,,,,
468,other,vegetables,yogurt,,,,,,,,,,,,,,,,,,,,,,,,,,,,,,,,,,,,,
469,hard,cheese,rolls/buns,bottled,water,newspapers,,,,,,,,,,,,,,,,,,,,,,,,,,,,,,,,,,
470,beef,root,vegetables,other,vegetables,white,bread,canned,fruit,soda,chocolate,newspapers,,,,,,,,,,,,,,,,,,,,,,,,,,,,
471,domestic,eggs,cat,food,bottled,water,,,,,,,,,,,,,,,,,,,,,,,,,,,,,,,,,,
472,chicken,Martadella,frozen,vegetables,soda,Canned,Pepsi,Ginger,powder,(appetizer),hygiene,articles,newspapers,,,,,,,,,,,,,,,,,,,,,,,,,,,
473,Frozen,beef,slices,other,vegetables,yogurt,domestic,eggs,semi-finished,bread,newspapers,,,,,,,,,,,,,,,,,,,,,,,,,,,,,
474,Canned,Pepsi,,,,,,,,,,,,,,,,,,,,,,,,,,,,,,,,,,,,,,
475,sausage,whole,milk,sliced,cheese,rolls/buns,brown,bread,Pepsi,,,,,,,,,,,,,,,,,,,,,,,,,,,,,,,
476,dessert,zwieback,,,,,,,,,,,,,,,,,,,,,,,,,,,,,,,,,,,,,,
477,chicken,tropical,fruit,onions,other,vegetables,butter,milk,yogurt,beverages,sliced,cheese,hard,cheese,rolls/buns,pastry,cereals,chocolate,napkins,house,keeping,products,,,,,,,,,,,,,,,,,,
478,whole,milk,yogurt,,,,,,,,,,,,,,,,,,,,,,,,,,,,,,,,,,,,,
479,Martadella,other,vegetables,sliced,cheese,white,bread,,,,,,,,,,,,,,,,,,,,,,,,,,,,,,,,,
480,beef,root,vegetables,yogurt,whipped/sour,cream,frozen,vegetables,soups,,,,,,,,,,,,,,,,,,,,,,,,,,,,,,,
481,whole,milk,brown,bread,dog,food,chocolate,hygiene,articles,pot,plants,,,,,,,,,,,,,,,,,,,,,,,,,,,,,
482,citrus,fruit,tropical,fruit,other,vegetables,pot,plants,,,,,,,,,,,,,,,,,,,,,,,,,,,,,,,,
483,citrus,fruit,other,vegetables,butter,soda,Pepsi,Canned,Pepsi,waffles,chocolate,seasonal,products,,,,,,,,,,,,,,,,,,,,,,,,,,,
484,sausage,beef,tropical,fruit,onions,frozen,vegetables,domestic,eggs,white,bread,semi-finished,bread,sugar,baking,powder,canned,fish,coffee,seasonal,products,,,,,,,,,,,,,,,,,,,
485,whole,milk,dessert,yogurt,whipped/sour,cream,specialty,cheese,kitchen,towels,,,,,,,,,,,,,,,,,,,,,,,,,,,,,,
486,cream,cheese,instant,coffee,salty,snack,waffles,kitchen,towels,shopping,bags,,,,,,,,,,,,,,,,,,,,,,,,,,,,,
487,Canned,Pepsi,,,,,,,,,,,,,,,,,,,,,,,,,,,,,,,,,,,,,,
488,dessert,dishes,,,,,,,,,,,,,,,,,,,,,,,,,,,,,,,,,,,,,,
489,sausage,Frozen,beef,slicesburger,meat,whole,milk,rolls/buns,oil,pickled,vegetables,softener,hygiene,articles,,,,,,,,,,,,,,,,,,,,,,,,,,
490,organic,sausage,soda,,,,,,,,,,,,,,,,,,,,,,,,,,,,,,,,,,,,,
491,citrus,fruit,pip,fruit,,,,,,,,,,,,,,,,,,,,,,,,,,,,,,,,,,,,
492,pip,fruit,other,vegetables,whole,milk,butter,curd,rolls/buns,margarine,baking,powder,bottled,water,Pepsi,Canned,Pepsi,cooking,chocolate,napkins,,,,,,,,,,,,,,,,,,,,
493,sausage,soft,cheese,Pepsi,,,,,,,,,,,,,,,,,,,,,,,,,,,,,,,,,,,,
494,soda,fruit/vegetable,juice,specialty,bar,,,,,,,,,,,,,,,,,,,,,,,,,,,,,,,,,,,
495,Frozen,beef,slices,berries,root,vegetables,whole,milk,whipped/sour,cream,brown,bread,pastry,Pepsi,napkins,,,,,,,,,,,,,,,,,,,,,,,,,
496,salty,snack,chocolate,,,,,,,,,,,,,,,,,,,,,,,,,,,,,,,,,,,,,
497,soda,,,,,,,,,,,,,,,,,,,,,,,,,,,,,,,,,,,,,,,
498,finished,products,whole,milk,softener,,,,,,,,,,,,,,,,,,,,,,,,,,,,,,,,,,,
499,grapes,pasta,dishes,,,,,,,,,,,,,,,,,,,,,,,,,,,,,,,,,,,,,
500,Frozen,beef,slices,Martadella,citrus,fruit,pip,fruit,root,vegetables,other,vegetables,butter,milk,beverages,sliced,cheese,frozen,vegetables,frozen,fish,oil,margarine,canned,vegetables,,,,,,,,,,,,,,,
501,chocolate,,,,,,,,,,,,,,,,,,,,,,,,,,,,,,,,,,,,,,,
502,Powedered,honny,,,,,,,,,,,,,,,,,,,,,,,,,,,,,,,,,,,,,,
503,Frozen,beef,slices,butter,yogurt,hard,cheese,ice,cream,domestic,eggs,misc.,beverages,fruit/vegetable,juice,,,,,,,,,,,,,,,,,,,,,,,,,
504,napkins,dishes,,,,,,,,,,,,,,,,,,,,,,,,,,,,,,,,,,,,,,
505,chicken,,,,,,,,,,,,,,,,,,,,,,,,,,,,,,,,,,,,,,,
506,pip,fruit,herbs,other,vegetables,whole,milk,whipped/sour,cream,,,,,,,,,,,,,,,,,,,,,,,,,,,,,,,
507,potato,products,bottled,water,soda,Pepsi,,,,,,,,,,,,,,,,,,,,,,,,,,,,,,,,,,
508,brown,bread,Canned,Pepsi,,,,,,,,,,,,,,,,,,,,,,,,,,,,,,,,,,,,
509,beef,Frozen,beef,slicesburger,meat,other,vegetables,rolls/buns,sugar,Powedered,honny,hygiene,articles,newspapers,,,,,,,,,,,,,,,,,,,,,,,,,,
510,Halawa,sausage,other,vegetables,white,bread,pickled,vegetables,waffles,shopping,bags,,,,,,,,,,,,,,,,,,,,,,,,,,,,,
511,herbs,,,,,,,,,,,,,,,,,,,,,,,,,,,,,,,,,,,,,,,
512,sausage,soda,Pepsi,Ginger,powder,red/blush,wine,,,,,,,,,,,,,,,,,,,,,,,,,,,,,,,,,
513,Martadella,whole,milk,pastry,shopping,bags,,,,,,,,,,,,,,,,,,,,,,,,,,,,,,,,,,
514,condensed,milk,coffee,napkins,,,,,,,,,,,,,,,,,,,,,,,,,,,,,,,,,,,,
515,citrus,fruit,whole,milk,butter,pastry,semi-finished,bread,coffee,candy,newspapers,shopping,bags,,,,,,,,,,,,,,,,,,,,,,,,,,,
516,soda,,,,,,,,,,,,,,,,,,,,,,,,,,,,,,,,,,,,,,,
517,whipped/sour,cream,brown,bread,,,,,,,,,,,,,,,,,,,,,,,,,,,,,,,,,,,,
518,chocolate,,,,,,,,,,,,,,,,,,,,,,,,,,,,,,,,,,,,,,,
519,hygiene,articles,house,keeping,products,,,,,,,,,,,,,,,,,,,,,,,,,,,,,,,,,,,
520,Ginger,liquid,,,,,,,,,,,,,,,,,,,,,,,,,,,,,,,,,,,,,,
521,packaged,fruit/vegetables,,,,,,,,,,,,,,,,,,,,,,,,,,,,,,,,,,,,,,
522,coffee,photo/film,,,,,,,,,,,,,,,,,,,,,,,,,,,,,,,,,,,,,,
523,butter,cream,cheese,frozen,vegetables,soda,fruit/vegetable,juice,napkins,shopping,bags,,,,,,,,,,,,,,,,,,,,,,,,,,,,,
524,curd,beverages,pastry,pot,plants,,,,,,,,,,,,,,,,,,,,,,,,,,,,,,,,,,,
525,rolls/buns,soda,specialty,bar,candy,newspapers,,,,,,,,,,,,,,,,,,,,,,,,,,,,,,,,,,
526,dishes,,,,,,,,,,,,,,,,,,,,,,,,,,,,,,,,,,,,,,,
527,rolls/buns,soda,,,,,,,,,,,,,,,,,,,,,,,,,,,,,,,,,,,,,,
528,Pepsi,Ginger,powder,,,,,,,,,,,,,,,,,,,,,,,,,,,,,,,,,,,,,
529,Halawa,beef,grapes,other,vegetables,Pepsi,red/blush,wine,napkins,newspapers,,,,,,,,,,,,,,,,,,,,,,,,,,,,,,
530,rolls/buns,bottled,water,Ginger,powder,,,,,,,,,,,,,,,,,,,,,,,,,,,,,,,,,,,
531,whole,milk,hard,cheese,brown,bread,Pepsi,hygiene,articles,newspapers,shopping,bags,,,,,,,,,,,,,,,,,,,,,,,,,,,,
532,root,vegetables,beverages,Instant,food,products,pickled,vegetables,detergent,,,,,,,,,,,,,,,,,,,,,,,,,,,,,,,
533,chicken,Frozen,beef,slicesburger,meat,tropical,fruit,pip,fruit,root,vegetables,other,vegetables,rolls/buns,salt,canned,vegetables,coffee,soda,Canned,Pepsi,,,,,,,,,,,,,,,,,,,
534,soda,Canned,Pepsi,Ginger,powder,(appetizer),salty,snack,shopping,bags,,,,,,,,,,,,,,,,,,,,,,,,,,,,,,
535,bottled,water,,,,,,,,,,,,,,,,,,,,,,,,,,,,,,,,,,,,,,
536,rolls/buns,soda,Canned,Pepsi,,,,,,,,,,,,,,,,,,,,,,,,,,,,,,,,,,,,
537,Frozen,beef,slicesburger,meat,citrus,fruit,tropical,fruit,whole,milk,yogurt,brown,bread,napkins,shopping,bags,,,,,,,,,,,,,,,,,,,,,,,,
538,tropical,fruit,root,vegetables,whole,milk,frozen,vegetables,domestic,eggs,brown,bread,semi-finished,bread,Canned,Pepsi,,,,,,,,,,,,,,,,,,,,,,,,
539,Martadella,root,vegetables,brown,bread,soda,Pepsi,,,,,,,,,,,,,,,,,,,,,,,,,,,,,,,,,
540,UHT-milk,pastry,waffles,,,,,,,,,,,,,,,,,,,,,,,,,,,,,,,,,,,,,
541,Canned,Pepsi,specialty,bar,,,,,,,,,,,,,,,,,,,,,,,,,,,,,,,,,,,,
542,pip,fruit,,,,,,,,,,,,,,,,,,,,,,,,,,,,,,,,,,,,,,
543,sausage,tropical,fruit,butter,milk,spread,cheese,tidbits,bottled,water,soda,Pepsi,,,,,,,,,,,,,,,,,,,,,,,,,,,,
544,soda,,,,,,,,,,,,,,,,,,,,,,,,,,,,,,,,,,,,,,,
545,waffles,,,,,,,,,,,,,,,,,,,,,,,,,,,,,,,,,,,,,,,
546,Pepsi,,,,,,,,,,,,,,,,,,,,,,,,,,,,,,,,,,,,,,,
547,citrus,fruit,pip,fruit,grapes,berries,soft,cheese,rolls/buns,oil,shopping,bags,,,,,,,,,,,,,,,,,,,,,,,,,,,,
548,Martadella,onions,other,vegetables,Pepsi,,,,,,,,,,,,,,,,,,,,,,,,,,,,,,,,,,,
549,beef,whole,milk,pastry,semi-finished,bread,specialty,chocolate,chocolate,marshmallow,,,,,,,,,,,,,,,,,,,,,,,,,,,,,,
550,root,vegetables,herbs,whole,milk,curd,frozen,vegetables,frozen,dessert,sweet,spreads,fruit/vegetable,juice,,,,,,,,,,,,,,,,,,,,,,,,,,