turkey,root,vegetables,other,vegetables,whole,milk,butter,milk,UHT-milk,brown,bread,bottled,water,,,,,,,,,,,,,,,,,,,,,,,,,,
finished,products,,,,,,,,,,,,,,,,,,,,,,,,,,,,,,,,,,,,,,
citrus,fruit,other,vegetables,,,,,,,,,,,,,,,,,,,,,,,,,,,,,,,,,,,,
sausage,tropical,fruit,other,vegetables,butter,sliced,cheese,domestic,eggs,rolls/buns,brown,bread,napkins,,,,,,,,,,,,,,,,,,,,,,,,,,
Halawa,sausage,tropical,fruit,oil,spices,pickled,vegetables,bottled,water,misc.,beverages,,,,,,,,,,,,,,,,,,,,,,,,,,,,
tropical,fruit,pip,fruit,brown,bread,,,,,,,,,,,,,,,,,,,,,,,,,,,,,,,,,,
chewing,gum,,,,,,,,,,,,,,,,,,,,,,,,,,,,,,,,,,,,,,
sausage,domestic,eggs,pastry,bottled,water,newspapers,,,,,,,,,,,,,,,,,,,,,,,,,,,,,,,,,
other,vegetables,whole,milk,yogurt,domestic,eggs,roll,products,newspapers,shopping,bags,,,,,,,,,,,,,,,,,,,,,,,,,,,,
rolls/buns,Ginger,powder,red/blush,wine,,,,,,,,,,,,,,,,,,,,,,,,,,,,,,,,,,,
yogurt,softener,,,,,,,,,,,,,,,,,,,,,,,,,,,,,,,,,,,,,,
sausage,other,vegetables,cream,cheese,soda,Canned,Pepsi,Powedered,honny,specialty,chocolate,,,,,,,,,,,,,,,,,,,,,,,,,,,,
sausage,Frozen,beef,slices,sliced,cheese,frozen,fish,rolls/buns,margarine,mustard,,,,,,,,,,,,,,,,,,,,,,,,,,,,,
whole,milk,frozen,dessert,salty,snack,napkins,,,,,,,,,,,,,,,,,,,,,,,,,,,,,,,,,
soda,,,,,,,,,,,,,,,,,,,,,,,,,,,,,,,,,,,,,,,
pastry,margarine,coffee,,,,,,,,,,,,,,,,,,,,,,,,,,,,,,,,,,,,,
margarine,misc.,beverages,,,,,,,,,,,,,,,,,,,,,,,,,,,,,,,,,,,,,
butter,milk,yogurt,honey,soda,detergent,,,,,,,,,,,,,,,,,,,,,,,,,,,,,,,,,,
citrus,fruit,other,vegetables,whole,milk,dessert,yogurt,frozen,vegetables,fruit/vegetable,juice,Pepsi,salty,snack,,,,,,,,,,,,,,,,,,,,,,,,,
other,vegetables,whole,milk,cream,cheese,frozen,meals,rolls/buns,brown,bread,bottled,water,newspapers,,,,,,,,,,,,,,,,,,,,,,,,,,
whole,milk,Pepsi,newspapers,,,,,,,,,,,,,,,,,,,,,,,,,,,,,,,,,,,,
liver,loaf,Martadella,citrus,fruit,tropical,fruit,root,vegetables,other,vegetables,whole,milk,curd,dessert,yogurt,frozen,vegetables,brown,bread,semi-finished,bread,oil,dog,food,fruit/vegetable,juice,,,,,,,,,,,,,
pip,fruit,beverages,frozen,vegetables,frozen,meals,bottled,water,soda,salty,snack,,,,,,,,,,,,,,,,,,,,,,,,,,,,
Pepsi,Ginger,powder,,,,,,,,,,,,,,,,,,,,,,,,,,,,,,,,,,,,,
other,vegetables,frozen,meals,pasta,canned,fish,coffee,,,,,,,,,,,,,,,,,,,,,,,,,,,,,,,,
salty,snack,newspapers,photo/film,,,,,,,,,,,,,,,,,,,,,,,,,,,,,,,,,,,,
whole,milk,pastry,semi-finished,bread,sugar,soda,salty,snack,specialty,bar,,,,,,,,,,,,,,,,,,,,,,,,,,,,,
Frozen,beef,slices,chicken,Martadella,root,vegetables,whole,milk,whipped/sour,cream,rolls/buns,sugar,soda,waffles,chocolate,specialty,chocolate,chocolate,marshmallow,napkins,,,,,,,,,,,,,,,,,,,
herbs,other,vegetables,,,,,,,,,,,,,,,,,,,,,,,,,,,,,,,,,,,,,
whole,milk,yogurt,bottled,water,,,,,,,,,,,,,,,,,,,,,,,,,,,,,,,,,,,
chocolate,,,,,,,,,,,,,,,,,,,,,,,,,,,,,,,,,,,,,,,
Martadella,pip,fruit,root,vegetables,other,vegetables,curd,butter,milk,margarine,newspapers,,,,,,,,,,,,,,,,,,,,,,,,,,,,
rolls/buns,,,,,,,,,,,,,,,,,,,,,,,,,,,,,,,,,,,,,,,
root,vegetables,other,vegetables,whole,milk,rolls/buns,bottled,water,dishes,newspapers,,,,,,,,,,,,,,,,,,,,,,,,,,,,,
chicken,Martadella,pip,fruit,other,vegetables,whole,milk,tidbits,frozen,fish,rolls/buns,margarine,baking,powder,soda,Pepsi,Powedered,honny,waffles,chocolate,candy,,,,,,,,,,,,,,,,,,
Frozen,beef,slicesburger,meat,domestic,eggs,,,,,,,,,,,,,,,,,,,,,,,,,,,,,,,,,,
soda,,,,,,,,,,,,,,,,,,,,,,,,,,,,,,,,,,,,,,,
yogurt,cream,cheese,pastry,canned,fish,fruit/vegetable,juice,shopping,bags,,,,,,,,,,,,,,,,,,,,,,,,,,,,,,
Halawa,Martadella,citrus,fruit,pip,fruit,other,vegetables,whipped/sour,cream,UHT-milk,salad,dressing,frozen,potato,products,salty,snack,newspapers,,,,,,,,,,,,,,,,,,,,,
Pepsi,Ginger,powder,,,,,,,,,,,,,,,,,,,,,,,,,,,,,,,,,,,,,
sausage,other,vegetables,dessert,yogurt,condensed,milk,hard,cheese,spread,cheese,bottled,water,fruit/vegetable,juice,shopping,bags,,,,,,,,,,,,,,,,,,,,,,,
curd,,,,,,,,,,,,,,,,,,,,,,,,,,,,,,,,,,,,,,,
tropical,fruit,whole,milk,hard,cheese,rolls/buns,cat,food,bottled,water,dish,cleaner,,,,,,,,,,,,,,,,,,,,,,,,,,,
citrus,fruit,tropical,fruit,pip,fruit,root,vegetables,other,vegetables,,,,,,,,,,,,,,,,,,,,,,,,,,,,,,
citrus,fruit,other,vegetables,hard,cheese,spices,coffee,Canned,Pepsi,chocolate,candy,flower,(seeds),shopping,bags,,,,,,,,,,,,,,,,,,,,,,,,
semi-finished,bread,long,life,bakery,product,waffles,detergent,newspapers,shopping,bags,,,,,,,,,,,,,,,,,,,,,,,,,,,,,
whole,milk,semi-finished,bread,,,,,,,,,,,,,,,,,,,,,,,,,,,,,,,,,,,,
sausage,tropical,fruit,grapes,berries,other,vegetables,pastry,soda,specialty,chocolate,napkins,shopping,bags,,,,,,,,,,,,,,,,,,,,,,,,,,
pip,fruit,pasta,oil,shopping,bags,,,,,,,,,,,,,,,,,,,,,,,,,,,,,,,,,,
sausage,pip,fruit,onions,spices,cat,food,Pepsi,newspapers,,,,,,,,,,,,,,,,,,,,,,,,,,,,,,,
Frozen,beef,slices,meat,whole,milk,dessert,butter,milk,whipped/sour,cream,sliced,cheese,rolls/buns,soda,fruit/vegetable,juice,,,,,,,,,,,,,,,,,,,,,,,
citrus,fruit,whole,milk,yogurt,whipped/sour,cream,cat,food,specialty,chocolate,female,sanitary,products,,,,,,,,,,,,,,,,,,,,,,,,,,
meat,organic,sausage,whole,milk,butter,UHT-milk,frozen,vegetables,pickled,vegetables,cat,food,female,sanitary,products,,,,,,,,,,,,,,,,,,,,,,,,
meat,onions,other,vegetables,chewing,gum,dishes,,,,,,,,,,,,,,,,,,,,,,,,,,,,,,,,,
Halawa,whole,milk,yogurt,processed,cheese,ice,cream,frozen,dessert,rolls/buns,white,bread,brown,bread,sugar,coffee,bottled,water,soda,Pepsi,candy,,,,,,,,,,,,,,,,,,
sausage,meat,tropical,fruit,rolls/buns,margarine,bottled,water,Pepsi,skin,care,hygiene,articles,shopping,bags,,,,,,,,,,,,,,,,,,,,,,,,,
chicken,candy,,,,,,,,,,,,,,,,,,,,,,,,,,,,,,,,,,,,,,
sausage,citrus,fruit,root,vegetables,whole,milk,waffles,chocolate,marshmallow,,,,,,,,,,,,,,,,,,,,,,,,,,,,,,
tropical,fruit,whole,milk,yogurt,whipped/sour,cream,rolls/buns,cocoa,drinks,bottled,water,Pepsi,specialty,chocolate,,,,,,,,,,,,,,,,,,,,,,,,,
ice,cream,misc.,beverages,Canned,Pepsi,napkins,shopping,bags,,,,,,,,,,,,,,,,,,,,,,,,,,,,,,,
Ginger,powder,,,,,,,,,,,,,,,,,,,,,,,,,,,,,,,,,,,,,,
beef,citrus,fruit,butter,domestic,eggs,flour,margarine,baking,powder,long,life,bakery,product,,,,,,,,,,,,,,,,,,,,,,,,,,
Ginger,powder,,,,,,,,,,,,,,,,,,,,,,,,,,,,,,,,,,,,,,
rolls/buns,pastry,red/blush,wine,,,,,,,,,,,,,,,,,,,,,,,,,,,,,,,,,,,,
other,vegetables,whole,milk,whipped/sour,cream,pastry,Pepsi,,,,,,,,,,,,,,,,,,,,,,,,,,,,,,,,
beef,berries,onions,rolls/buns,,,,,,,,,,,,,,,,,,,,,,,,,,,,,,,,,,,,
sausage,whole,milk,semi-finished,bread,flour,fruit/vegetable,juice,napkins,,,,,,,,,,,,,,,,,,,,,,,,,,,,,,,
sausage,whole,milk,hard,cheese,misc.,beverages,,,,,,,,,,,,,,,,,,,,,,,,,,,,,,,,,
Frozen,beef,slicesburger,meat,whole,milk,white,bread,brown,bread,sugar,fruit/vegetable,juice,,,,,,,,,,,,,,,,,,,,,,,,,,,
whole,milk,rolls/buns,coffee,fruit/vegetable,juice,,,,,,,,,,,,,,,,,,,,,,,,,,,,,,,,,,
whole,milk,cake,bar,,,,,,,,,,,,,,,,,,,,,,,,,,,,,,,,,,,,
hygiene,articles,,,,,,,,,,,,,,,,,,,,,,,,,,,,,,,,,,,,,,
chocolate,,,,,,,,,,,,,,,,,,,,,,,,,,,,,,,,,,,,,,,
tropical,fruit,candy,,,,,,,,,,,,,,,,,,,,,,,,,,,,,,,,,,,,,
specialty,chocolate,,,,,,,,,,,,,,,,,,,,,,,,,,,,,,,,,,,,,,
citrus,fruit,Pepsi,Powedered,honny,,,,,,,,,,,,,,,,,,,,,,,,,,,,,,,,,,,
baking,powder,bottled,water,salty,snack,chewing,gum,,,,,,,,,,,,,,,,,,,,,,,,,,,,,,,,
Canned,Pepsi,,,,,,,,,,,,,,,,,,,,,,,,,,,,,,,,,,,,,,
Canned,Pepsi,,,,,,,,,,,,,,,,,,,,,,,,,,,,,,,,,,,,,,
whole,milk,instant,coffee,misc.,beverages,fruit/vegetable,juice,chewing,gum,shopping,bags,,,,,,,,,,,,,,,,,,,,,,,,,,,,
soda,,,,,,,,,,,,,,,,,,,,,,,,,,,,,,,,,,,,,,,
Pepsi,Ginger,powder,(appetizer),dishes,,,,,,,,,,,,,,,,,,,,,,,,,,,,,,,,,,,
pip,fruit,,,,,,,,,,,,,,,,,,,,,,,,,,,,,,,,,,,,,,
Martadella,Frozen,beef,slicesburger,meat,other,vegetables,whole,milk,brown,bread,margarine,bottled,water,Pepsi,flower,(seeds),,,,,,,,,,,,,,,,,,,,,,,
canned,vegetables,Powedered,honny,newspapers,flower,soil/fertilizer,,,,,,,,,,,,,,,,,,,,,,,,,,,,,,,,,
Canned,Pepsi,,,,,,,,,,,,,,,,,,,,,,,,,,,,,,,,,,,,,,
root,vegetables,onions,whipped/sour,cream,UHT-milk,frozen,dessert,margarine,syrup,,,,,,,,,,,,,,,,,,,,,,,,,,,,,,
berries,yogurt,shopping,bags,,,,,,,,,,,,,,,,,,,,,,,,,,,,,,,,,,,,
liver,loaf,beef,whole,milk,yogurt,soft,cheese,frozen,vegetables,white,bread,roll,products,vinegar,baking,powder,fruit/vegetable,juice,,,,,,,,,,,,,,,,,,,,,
citrus,fruit,whipped/sour,cream,brown,bread,bottled,water,hygiene,articles,,,,,,,,,,,,,,,,,,,,,,,,,,,,,,
meat,other,vegetables,,,,,,,,,,,,,,,,,,,,,,,,,,,,,,,,,,,,,
citrus,fruit,tropical,fruit,frozen,meals,frozen,dessert,rolls/buns,misc.,beverages,,,,,,,,,,,,,,,,,,,,,,,,,,,,,
Frozen,beef,slices,pip,fruit,domestic,eggs,pastry,semi-finished,bread,cat,food,newspapers,,,,,,,,,,,,,,,,,,,,,,,,,,,
herbs,other,vegetables,whipped/sour,cream,red/blush,wine,shopping,bags,,,,,,,,,,,,,,,,,,,,,,,,,,,,,,,
rolls/buns,,,,,,,,,,,,,,,,,,,,,,,,,,,,,,,,,,,,,,,
other,vegetables,bottled,water,,,,,,,,,,,,,,,,,,,,,,,,,,,,,,,,,,,,
soda,,,,,,,,,,,,,,,,,,,,,,,,,,,,,,,,,,,,,,,
turkey,other,vegetables,whole,milk,oil,instant,coffee,specialty,bar,,,,,,,,,,,,,,,,,,,,,,,,,,,,,,
whole,milk,yogurt,frozen,vegetables,,,,,,,,,,,,,,,,,,,,,,,,,,,,,,,,,,,
sausage,sliced,cheese,rolls/buns,sugar,candy,,,,,,,,,,,,,,,,,,,,,,,,,,,,,,,,,,
photo/film,,,,,,,,,,,,,,,,,,,,,,,,,,,,,,,,,,,,,,,
Halawa,rolls/buns,chewing,gum,,,,,,,,,,,,,,,,,,,,,,,,,,,,,,,,,,,,
whole,milk,cream,cheese,newspapers,,,,,,,,,,,,,,,,,,,,,,,,,,,,,,,,,,,
brown,bread,,,,,,,,,,,,,,,,,,,,,,,,,,,,,,,,,,,,,,
root,vegetables,herbs,other,vegetables,candy,seasonal,products,shopping,bags,,,,,,,,,,,,,,,,,,,,,,,,,,,,,,
whole,milk,,,,,,,,,,,,,,,,,,,,,,,,,,,,,,,,,,,,,,
citrus,fruit,tropical,fruit,root,vegetables,other,vegetables,whole,milk,whipped/sour,cream,curd,cheese,frozen,vegetables,soups,cat,food,chewing,gum,,,,,,,,,,,,,,,,,,,
sausage,other,vegetables,pasta,oil,margarine,coffee,syrup,Canned,Pepsi,napkins,light,bulbs,shopping,bags,,,,,,,,,,,,,,,,,,,,,,,,,
Halawa,processed,cheese,soda,,,,,,,,,,,,,,,,,,,,,,,,,,,,,,,,,,,,
sausage,Frozen,beef,slicesburger,meat,chocolate,detergent,,,,,,,,,,,,,,,,,,,,,,,,,,,,,,,,,
citrus,fruit,semi-finished,bread,margarine,ready,soups,,,,,,,,,,,,,,,,,,,,,,,,,,,,,,,,,
Ginger,powder,,,,,,,,,,,,,,,,,,,,,,,,,,,,,,,,,,,,,,
cooking,chocolate,,,,,,,,,,,,,,,,,,,,,,,,,,,,,,,,,,,,,,
meat,chicken,root,vegetables,onions,whole,milk,soda,,,,,,,,,,,,,,,,,,,,,,,,,,,,,,,,
pastry,soda,,,,,,,,,,,,,,,,,,,,,,,,,,,,,,,,,,,,,,
Martadella,root,vegetables,sliced,cheese,frozen,vegetables,frozen,potato,products,mustard,bottled,water,fruit/vegetable,juice,napkins,shopping,bags,,,,,,,,,,,,,,,,,,,,,,
cooking,chocolate,,,,,,,,,,,,,,,,,,,,,,,,,,,,,,,,,,,,,,
other,vegetables,rolls/buns,,,,,,,,,,,,,,,,,,,,,,,,,,,,,,,,,,,,,
sausage,root,vegetables,beverages,rolls/buns,soda,,,,,,,,,,,,,,,,,,,,,,,,,,,,,,,,,,
Halawa,citrus,fruit,berries,whole,milk,yogurt,domestic,eggs,salt,waffles,cake,bar,,,,,,,,,,,,,,,,,,,,,,,,,,,
tropical,fruit,brown,bread,pastry,,,,,,,,,,,,,,,,,,,,,,,,,,,,,,,,,,,
Martadella,other,vegetables,,,,,,,,,,,,,,,,,,,,,,,,,,,,,,,,,,,,,
dessert,nut,snack,specialty,chocolate,,,,,,,,,,,,,,,,,,,,,,,,,,,,,,,,,,,
Halawa,turkey,tropical,fruit,grapes,root,vegetables,other,vegetables,whole,milk,frozen,vegetables,frozen,meals,frozen,potato,products,pastry,pickled,vegetables,sweet,spreads,soda,misc.,beverages,salty,snack,cake,bar,chocolate,detergent,house,keeping,products,,,,,
sausage,Frozen,beef,slices,other,vegetables,ice,cream,white,bread,,,,,,,,,,,,,,,,,,,,,,,,,,,,,,
whipped/sour,cream,,,,,,,,,,,,,,,,,,,,,,,,,,,,,,,,,,,,,,
bottled,water,Pepsi,,,,,,,,,,,,,,,,,,,,,,,,,,,,,,,,,,,,,
butter,salt,margarine,sugar,,,,,,,,,,,,,,,,,,,,,,,,,,,,,,,,,,,,
other,vegetables,butter,rolls/buns,flower,(seeds),,,,,,,,,,,,,,,,,,,,,,,,,,,,,,,,,,
whole,milk,dessert,,,,,,,,,,,,,,,,,,,,,,,,,,,,,,,,,,,,,
rolls/buns,Pepsi,,,,,,,,,,,,,,,,,,,,,,,,,,,,,,,,,,,,,,
napkins,,,,,,,,,,,,,,,,,,,,,,,,,,,,,,,,,,,,,,,
Halawa,pip,fruit,onions,whole,milk,curd,yogurt,pastry,Instant,food,products,kitchen,utensil,,,,,,,,,,,,,,,,,,,,,,,,,,
meat,curd,Pepsi,cake,bar,,,,,,,,,,,,,,,,,,,,,,,,,,,,,,,,,,,
beef,tropical,fruit,root,vegetables,yogurt,brown,bread,canned,fish,Canned,Pepsi,red/blush,wine,newspapers,,,,,,,,,,,,,,,,,,,,,,,,,
soda,,,,,,,,,,,,,,,,,,,,,,,,,,,,,,,,,,,,,,,
pip,fruit,whole,milk,cream,cheese,rolls/buns,chocolate,cooking,chocolate,,,,,,,,,,,,,,,,,,,,,,,,,,,,,,
rolls/buns,brown,bread,Canned,Pepsi,,,,,,,,,,,,,,,,,,,,,,,,,,,,,,,,,,,
sausage,other,vegetables,whole,milk,,,,,,,,,,,,,,,,,,,,,,,,,,,,,,,,,,,
bottled,water,long,life,bakery,product,,,,,,,,,,,,,,,,,,,,,,,,,,,,,,,,,,
specialty,chocolate,,,,,,,,,,,,,,,,,,,,,,,,,,,,,,,,,,,,,,
Halawa,sausage,root,vegetables,rolls/buns,pickled,vegetables,newspapers,,,,,,,,,,,,,,,,,,,,,,,,,,,,,,,,
Ginger,liquid,,,,,,,,,,,,,,,,,,,,,,,,,,,,,,,,,,,,,,
sausage,other,vegetables,whole,milk,fruit/vegetable,juice,,,,,,,,,,,,,,,,,,,,,,,,,,,,,,,,,
Halawa,photo/film,,,,,,,,,,,,,,,,,,,,,,,,,,,,,,,,,,,,,,
root,vegetables,butter,milk,frozen,vegetables,pastry,dish,cleaner,hygiene,articles,napkins,,,,,,,,,,,,,,,,,,,,,,,,,,,,
pip,fruit,whole,milk,domestic,eggs,,,,,,,,,,,,,,,,,,,,,,,,,,,,,,,,,,
citrus,fruit,pip,fruit,white,bread,brown,bread,pastry,waffles,,,,,,,,,,,,,,,,,,,,,,,,,,,,,,
domestic,eggs,rolls/buns,coffee,Canned,Pepsi,Industrial,Fruit,Juice,chocolate,shopping,bags,,,,,,,,,,,,,,,,,,,,,,,,,,,,
fish,rolls/buns,pot,plants,,,,,,,,,,,,,,,,,,,,,,,,,,,,,,,,,,,,
newspapers,,,,,,,,,,,,,,,,,,,,,,,,,,,,,,,,,,,,,,,
red/blush,wine,,,,,,,,,,,,,,,,,,,,,,,,,,,,,,,,,,,,,,
Pepsi,,,,,,,,,,,,,,,,,,,,,,,,,,,,,,,,,,,,,,,
Martadella,whole,milk,pastry,sauces,,,,,,,,,,,,,,,,,,,,,,,,,,,,,,,,,,,
Halawa,sausage,citrus,fruit,root,vegetables,other,vegetables,yogurt,soft,cheese,spread,cheese,rolls/buns,bottled,water,,,,,,,,,,,,,,,,,,,,,,,,
Halawa,beef,brown,bread,margarine,soda,candy,,,,,,,,,,,,,,,,,,,,,,,,,,,,,,,,,
Canned,Pepsi,,,,,,,,,,,,,,,,,,,,,,,,,,,,,,,,,,,,,,
beverages,cream,cheese,,,,,,,,,,,,,,,,,,,,,,,,,,,,,,,,,,,,,
Canned,Pepsi,,,,,,,,,,,,,,,,,,,,,,,,,,,,,,,,,,,,,,
pip,fruit,butter,frozen,meals,pasta,bottled,water,,,,,,,,,,,,,,,,,,,,,,,,,,,,,,,,
pip,fruit,onions,whole,milk,yogurt,frozen,vegetables,frozen,fish,rolls/buns,semi-finished,bread,margarine,Pepsi,,,,,,,,,,,,,,,,,,,,,,,,,
sausage,tropical,fruit,whole,milk,yogurt,whipped/sour,cream,white,bread,bottled,water,,,,,,,,,,,,,,,,,,,,,,,,,,,,
whole,milk,domestic,eggs,brown,bread,pastry,,,,,,,,,,,,,,,,,,,,,,,,,,,,,,,,,
tropical,fruit,other,vegetables,whole,milk,yogurt,cream,cheese,curd,cheese,domestic,eggs,sugar,fruit/vegetable,juice,napkins,,,,,,,,,,,,,,,,,,,,,,,
other,vegetables,rolls/buns,fruit/vegetable,juice,cooking,chocolate,,,,,,,,,,,,,,,,,,,,,,,,,,,,,,,,,
other,vegetables,soda,shopping,bags,,,,,,,,,,,,,,,,,,,,,,,,,,,,,,,,,,,
whole,milk,,,,,,,,,,,,,,,,,,,,,,,,,,,,,,,,,,,,,,
spread,cheese,brown,bread,Canned,Pepsi,red/blush,wine,,,,,,,,,,,,,,,,,,,,,,,,,,,,,,,,
tropical,fruit,whole,milk,curd,yogurt,sliced,cheese,mayonnaise,frozen,meals,pastry,soda,,,,,,,,,,,,,,,,,,,,,,,,,,,
sausage,beef,Frozen,beef,slicesburger,meat,other,vegetables,whole,milk,butter,domestic,eggs,roll,products,sauces,Pepsi,,,,,,,,,,,,,,,,,,,,,,,
Halawa,Martadella,beef,Frozen,beef,slicesburger,meat,other,vegetables,whole,milk,butter,curd,yogurt,whipped/sour,cream,cream,cheese,frozen,vegetables,domestic,eggs,rolls/buns,sugar,mustard,ketchup,meat,spreads,canned,fish,Pepsi,chewing,gum,decalcifier,hygiene,articles,,,,
Frozen,beef,slicesburger,meat,tropical,fruit,other,vegetables,whole,milk,butter,curd,dessert,yogurt,whipped/sour,cream,UHT-milk,domestic,eggs,pastry,flour,margarine,cereals,canned,fish,cat,food,bottled,water,Pepsi,hygiene,articles,napkins,,,,,,,
brown,bread,Canned,honey,,,,,,,,,,,,,,,,,,,,,,,,,,,,,,,,,,,,
whole,milk,yogurt,,,,,,,,,,,,,,,,,,,,,,,,,,,,,,,,,,,,,
whole,milk,yogurt,frozen,potato,products,brown,bread,napkins,,,,,,,,,,,,,,,,,,,,,,,,,,,,,,,
brown,bread,soda,,,,,,,,,,,,,,,,,,,,,,,,,,,,,,,,,,,,,
domestic,eggs,specialty,bar,seasonal,products,shopping,bags,,,,,,,,,,,,,,,,,,,,,,,,,,,,,,,,
Canned,Pepsi,,,,,,,,,,,,,,,,,,,,,,,,,,,,,,,,,,,,,,
coffee,misc.,beverages,Pepsi,,,,,,,,,,,,,,,,,,,,,,,,,,,,,,,,,,,,
curd,flour,Ginger,powder,(appetizer),,,,,,,,,,,,,,,,,,,,,,,,,,,,,,,,,,,
Frozen,beef,slices,frozen,potato,products,white,bread,pastry,cat,food,bottled,water,soda,candy,sound,storage,medium,shopping,bags,,,,,,,,,,,,,,,,,,,,
chocolate,,,,,,,,,,,,,,,,,,,,,,,,,,,,,,,,,,,,,,,
Frozen,beef,slicesburger,meat,tropical,fruit,root,vegetables,whole,milk,frozen,meals,rolls/buns,pasta,waffles,,,,,,,,,,,,,,,,,,,,,,,,,
Halawa,packaged,fruit/vegetables,soft,cheese,soda,,,,,,,,,,,,,,,,,,,,,,,,,,,,,,,,,,
sausage,other,vegetables,yogurt,soda,shopping,bags,,,,,,,,,,,,,,,,,,,,,,,,,,,,,,,,,
rolls/buns,pastry,coffee,,,,,,,,,,,,,,,,,,,,,,,,,,,,,,,,,,,,,
butter,domestic,eggs,flour,soups,baking,powder,,,,,,,,,,,,,,,,,,,,,,,,,,,,,,,,,
citrus,fruit,whole,milk,yogurt,spread,cheese,brown,bread,Pepsi,Powedered,honny,long,life,bakery,product,flower,(seeds),,,,,,,,,,,,,,,,,,,,,,
tropical,fruit,pip,fruit,,,,,,,,,,,,,,,,,,,,,,,,,,,,,,,,,,,,
yogurt,whipped/sour,cream,flour,margarine,sugar,baking,powder,cat,food,soda,fruit/vegetable,juice,chocolate,hygiene,articles,napkins,newspapers,,,,,,,,,,,,,,,,,,,,,,
Martadella,citrus,fruit,root,vegetables,whole,milk,dessert,yogurt,frozen,fish,margarine,pickled,vegetables,chocolate,candy,,,,,,,,,,,,,,,,,,,,,,,,
tropical,fruit,dessert,yogurt,domestic,eggs,oil,fruit/vegetable,juice,,,,,,,,,,,,,,,,,,,,,,,,,,,,,,,
Frozen,beef,slices,root,vegetables,whipped/sour,cream,ketchup,,,,,,,,,,,,,,,,,,,,,,,,,,,,,,,,
yogurt,cream,cheese,rolls/buns,,,,,,,,,,,,,,,,,,,,,,,,,,,,,,,,,,,,
organic,sausage,citrus,fruit,whole,milk,whipped/sour,cream,hard,cheese,rolls/buns,pastry,Pepsi,long,life,bakery,product,detergent,napkins,house,keeping,products,candles,,,,,,,,,,,,,,,,,
Frozen,beef,slicesburger,meat,yogurt,margarine,sauces,canned,vegetables,soda,,,,,,,,,,,,,,,,,,,,,,,,,,,,,,
Pepsi,,,,,,,,,,,,,,,,,,,,,,,,,,,,,,,,,,,,,,,
whipped/sour,cream,,,,,,,,,,,,,,,,,,,,,,,,,,,,,,,,,,,,,,
Martadella,root,vegetables,other,vegetables,whole,milk,dishes,,,,,,,,,,,,,,,,,,,,,,,,,,,,,,,,
salty,snack,candy,,,,,,,,,,,,,,,,,,,,,,,,,,,,,,,,,,,,,
beverages,frozen,vegetables,soda,fruit/vegetable,juice,popcorn,newspapers,,,,,,,,,,,,,,,,,,,,,,,,,,,,,,,,
chicken,newspapers,,,,,,,,,,,,,,,,,,,,,,,,,,,,,,,,,,,,,,
Pepsi,,,,,,,,,,,,,,,,,,,,,,,,,,,,,,,,,,,,,,,
fruit/vegetable,juice,chocolate,,,,,,,,,,,,,,,,,,,,,,,,,,,,,,,,,,,,,
tropical,fruit,whole,milk,cream,cheese,processed,cheese,rolls/buns,shopping,bags,,,,,,,,,,,,,,,,,,,,,,,,,,,,,
beef,whipped/sour,cream,napkins,,,,,,,,,,,,,,,,,,,,,,,,,,,,,,,,,,,,
beef,packaged,fruit/vegetables,pot,plants,,,,,,,,,,,,,,,,,,,,,,,,,,,,,,,,,,,
misc.,beverages,,,,,,,,,,,,,,,,,,,,,,,,,,,,,,,,,,,,,,
brown,bread,hair,spray,,,,,,,,,,,,,,,,,,,,,,,,,,,,,,,,,,,,
butter,rolls/buns,pastry,bottled,water,Canned,Pepsi,waffles,,,,,,,,,,,,,,,,,,,,,,,,,,,,,,,,
sausage,fish,other,vegetables,brown,bread,shopping,bags,,,,,,,,,,,,,,,,,,,,,,,,,,,,,,,,
whole,milk,yogurt,hard,cheese,cream,cheese,margarine,sugar,misc.,beverages,detergent,dishes,,,,,,,,,,,,,,,,,,,,,,,,,,,
sausage,meat,,,,,,,,,,,,,,,,,,,,,,,,,,,,,,,,,,,,,,
Halawa,onions,whole,milk,,,,,,,,,,,,,,,,,,,,,,,,,,,,,,,,,,,,
whole,milk,,,,,,,,,,,,,,,,,,,,,,,,,,,,,,,,,,,,,,
Halawa,,,,,,,,,,,,,,,,,,,,,,,,,,,,,,,,,,,,,,,
hard,cheese,soda,,,,,,,,,,,,,,,,,,,,,,,,,,,,,,,,,,,,,
yogurt,rolls/buns,,,,,,,,,,,,,,,,,,,,,,,,,,,,,,,,,,,,,,
onions,dessert,yogurt,domestic,eggs,rolls/buns,brown,bread,pastry,cat,food,bottled,water,soda,fruit/vegetable,juice,long,life,bakery,product,chocolate,female,sanitary,products,napkins,,,,,,,,,,,,,,,
tropical,fruit,other,vegetables,,,,,,,,,,,,,,,,,,,,,,,,,,,,,,,,,,,,
beef,citrus,fruit,pip,fruit,root,vegetables,other,vegetables,whipped/sour,cream,margarine,canned,vegetables,cat,food,shopping,bags,,,,,,,,,,,,,,,,,,,,,,
whole,milk,,,,,,,,,,,,,,,,,,,,,,,,,,,,,,,,,,,,,,
Halawa,whole,milk,frozen,meals,domestic,eggs,white,bread,pastry,Pepsi,chocolate,,,,,,,,,,,,,,,,,,,,,,,,,,,,
Martadella,other,vegetables,specialty,fat,,,,,,,,,,,,,,,,,,,,,,,,,,,,,,,,,,,
salty,snack,,,,,,,,,,,,,,,,,,,,,,,,,,,,,,,,,,,,,,
sausage,other,vegetables,sliced,cheese,rolls/buns,coffee,soda,shopping,bags,,,,,,,,,,,,,,,,,,,,,,,,,,,,,,
sausage,citrus,fruit,tropical,fruit,grapes,other,vegetables,packaged,fruit/vegetables,butter,curd,butter,milk,yogurt,brown,bread,flour,fruit/vegetable,juice,waffles,candy,shopping,bags,,,,,,,,,,,,,,,,
finished,products,misc.,beverages,,,,,,,,,,,,,,,,,,,,,,,,,,,,,,,,,,,,
Frozen,beef,slices,pip,fruit,herbs,other,vegetables,butter,rolls/buns,white,bread,oil,canned,fish,soda,,,,,,,,,,,,,,,,,,,,,,,,
meat,other,vegetables,pickled,vegetables,coffee,Ginger,powder,long,life,bakery,product,newspapers,,,,,,,,,,,,,,,,,,,,,,,,,,,
sausage,tropical,fruit,berries,other,vegetables,dessert,frozen,fish,frozen,potato,products,red/blush,wine,seasonal,products,,,,,,,,,,,,,,,,,,,,,,,,
other,vegetables,hard,cheese,frozen,vegetables,fruit/vegetable,juice,long,life,bakery,product,,,,,,,,,,,,,,,,,,,,,,,,,,,,
Halawa,sausage,rolls/buns,brown,bread,soda,shopping,bags,,,,,,,,,,,,,,,,,,,,,,,,,,,,,,,,
Canned,Pepsi,,,,,,,,,,,,,,,,,,,,,,,,,,,,,,,,,,,,,,
red/blush,wine,,,,,,,,,,,,,,,,,,,,,,,,,,,,,,,,,,,,,,
whole,milk,,,,,,,,,,,,,,,,,,,,,,,,,,,,,,,,,,,,,,
Pepsi,,,,,,,,,,,,,,,,,,,,,,,,,,,,,,,,,,,,,,,
sausage,citrus,fruit,tropical,fruit,other,vegetables,whole,milk,yogurt,rolls/buns,bottled,water,soda,chocolate,newspapers,,,,,,,,,,,,,,,,,,,,,,,,
Frozen,beef,slicesburger,meat,other,vegetables,hard,cheese,frozen,vegetables,,,,,,,,,,,,,,,,,,,,,,,,,,,,,,
newspapers,,,,,,,,,,,,,,,,,,,,,,,,,,,,,,,,,,,,,,,
Martadella,beverages,,,,,,,,,,,,,,,,,,,,,,,,,,,,,,,,,,,,,,
Canned,Pepsi,Powedered,honny,,,,,,,,,,,,,,,,,,,,,,,,,,,,,,,,,,,,
shopping,bags,,,,,,,,,,,,,,,,,,,,,,,,,,,,,,,,,,,,,,
citrus,fruit,yogurt,soda,,,,,,,,,,,,,,,,,,,,,,,,,,,,,,,,,,,,
butter,cleaner,,,,,,,,,,,,,,,,,,,,,,,,,,,,,,,,,,,,,,
white,bread,soda,shopping,bags,,,,,,,,,,,,,,,,,,,,,,,,,,,,,,,,,,,
bottled,water,misc.,beverages,cooking,chocolate,,,,,,,,,,,,,,,,,,,,,,,,,,,,,,,,,,
sausage,pip,fruit,whole,milk,potato,products,,,,,,,,,,,,,,,,,,,,,,,,,,,,,,,,,
bottled,water,napkins,,,,,,,,,,,,,,,,,,,,,,,,,,,,,,,,,,,,,
prosecco,,,,,,,,,,,,,,,,,,,,,,,,,,,,,,,,,,,,,,,
soda,,,,,,,,,,,,,,,,,,,,,,,,,,,,,,,,,,,,,,,
other,vegetables,curd,yogurt,curd,cheese,margarine,cleaner,hygiene,articles,,,,,,,,,,,,,,,,,,,,,,,,,,,,,,
curd,napkins,,,,,,,,,,,,,,,,,,,,,,,,,,,,,,,,,,,,,,
sausage,Frozen,beef,slices,tropical,fruit,whole,milk,butter,processed,cheese,rolls/buns,potato,products,rice,margarine,cereals,cat,food,fruit/vegetable,juice,Pepsi,chocolate,napkins,,,,,,,,,,,,,,,,
Halawa,sausage,whole,milk,rolls/buns,oil,cocoa,drinks,kitchen,towels,,,,,,,,,,,,,,,,,,,,,,,,,,,,,,
citrus,fruit,pip,fruit,other,vegetables,whole,milk,butter,yogurt,salt,,,,,,,,,,,,,,,,,,,,,,,,,,,,,
Martadella,,,,,,,,,,,,,,,,,,,,,,,,,,,,,,,,,,,,,,,
chicken,whole,milk,,,,,,,,,,,,,,,,,,,,,,,,,,,,,,,,,,,,,
whole,milk,brown,bread,flower,(seeds),,,,,,,,,,,,,,,,,,,,,,,,,,,,,,,,,,
domestic,eggs,misc.,beverages,,,,,,,,,,,,,,,,,,,,,,,,,,,,,,,,,,,,
beef,cat,food,newspapers,,,,,,,,,,,,,,,,,,,,,,,,,,,,,,,,,,,,
Frozen,beef,slicesburger,meat,onions,whole,milk,frozen,vegetables,bottled,water,rum,,,,,,,,,,,,,,,,,,,,,,,,,,,,
other,vegetables,whole,milk,napkins,,,,,,,,,,,,,,,,,,,,,,,,,,,,,,,,,,,
finished,products,other,vegetables,long,life,bakery,product,,,,,,,,,,,,,,,,,,,,,,,,,,,,,,,,
Frozen,beef,slices,whole,milk,domestic,eggs,tea,bottled,water,Pepsi,,,,,,,,,,,,,,,,,,,,,,,,,,,,,
beef,dessert,sugar,Pepsi,,,,,,,,,,,,,,,,,,,,,,,,,,,,,,,,,,,,
cling,film/bags,,,,,,,,,,,,,,,,,,,,,,,,,,,,,,,,,,,,,,
citrus,fruit,whole,milk,butter,milk,whipped/sour,cream,,,,,,,,,,,,,,,,,,,,,,,,,,,,,,,,
shopping,bags,,,,,,,,,,,,,,,,,,,,,,,,,,,,,,,,,,,,,,
citrus,fruit,pastry,,,,,,,,,,,,,,,,,,,,,,,,,,,,,,,,,,,,,
Canned,Pepsi,,,,,,,,,,,,,,,,,,,,,,,,,,,,,,,,,,,,,,
berries,packaged,fruit/vegetables,whole,milk,ice,cream,fruit/vegetable,juice,salty,snack,specialty,bar,,,,,,,,,,,,,,,,,,,,,,,,,,,
soda,specialty,chocolate,,,,,,,,,,,,,,,,,,,,,,,,,,,,,,,,,,,,,
pastry,pickled,vegetables,Canned,Pepsi,,,,,,,,,,,,,,,,,,,,,,,,,,,,,,,,,,,
soda,specialty,bar,,,,,,,,,,,,,,,,,,,,,,,,,,,,,,,,,,,,,
soda,,,,,,,,,,,,,,,,,,,,,,,,,,,,,,,,,,,,,,,
Pepsi,seasonal,products,,,,,,,,,,,,,,,,,,,,,,,,,,,,,,,,,,,,,
sausage,whole,milk,rolls/buns,coffee,chocolate,,,,,,,,,,,,,,,,,,,,,,,,,,,,,,,,,,
Halawa,onions,butter,milk,spices,soups,soda,shopping,bags,,,,,,,,,,,,,,,,,,,,,,,,,,,,,,,
frozen,fish,Pepsi,,,,,,,,,,,,,,,,,,,,,,,,,,,,,,,,,,,,,
Martadella,citrus,fruit,grapes,root,vegetables,whole,milk,ready,soups,pot,plants,,,,,,,,,,,,,,,,,,,,,,,,,,,,
meat,citrus,fruit,root,vegetables,whole,milk,dessert,yogurt,waffles,detergent,,,,,,,,,,,,,,,,,,,,,,,,,,,,,
rolls/buns,,,,,,,,,,,,,,,,,,,,,,,,,,,,,,,,,,,,,,,
herbs,other,vegetables,hygiene,articles,napkins,,,,,,,,,,,,,,,,,,,,,,,,,,,,,,,,,,
chicken,whole,milk,,,,,,,,,,,,,,,,,,,,,,,,,,,,,,,,,,,,,
Halawa,beef,other,vegetables,cream,cheese,domestic,eggs,baking,powder,salty,snack,shopping,bags,,,,,,,,,,,,,,,,,,,,,,,,,,
tropical,fruit,other,vegetables,yogurt,spread,cheese,soda,,,,,,,,,,,,,,,,,,,,,,,,,,,,,,,,
Frozen,beef,slicesburger,meat,whipped/sour,cream,cream,cheese,rolls/buns,pasta,canned,fish,popcorn,,,,,,,,,,,,,,,,,,,,,,,,,,,
Martadella,Frozen,beef,slicesburger,meat,pip,fruit,grapes,root,vegetables,other,vegetables,whole,milk,yogurt,cream,cheese,frozen,dessert,sugar,meat,spreads,soda,fruit/vegetable,juice,,,,,,,,,,,,,,,
tropical,fruit,pip,fruit,whole,milk,rolls/buns,pastry,fruit/vegetable,juice,salty,snack,detergent,make,up,remover,,,,,,,,,,,,,,,,,,,,,,,,
soda,syrup,,,,,,,,,,,,,,,,,,,,,,,,,,,,,,,,,,,,,,
whole,milk,,,,,,,,,,,,,,,,,,,,,,,,,,,,,,,,,,,,,,
Martadella,citrus,fruit,other,vegetables,domestic,eggs,margarine,Canned,Pepsi,,,,,,,,,,,,,,,,,,,,,,,,,,,,,,
Canned,Pepsi,,,,,,,,,,,,,,,,,,,,,,,,,,,,,,,,,,,,,,
sausage,UHT-milk,flour,flower,(seeds),,,,,,,,,,,,,,,,,,,,,,,,,,,,,,,,,,,
berries,root,vegetables,other,vegetables,butter,milk,yogurt,mayonnaise,zwieback,shopping,bags,,,,,,,,,,,,,,,,,,,,,,,,,,,,
yogurt,coffee,,,,,,,,,,,,,,,,,,,,,,,,,,,,,,,,,,,,,,
root,vegetables,,,,,,,,,,,,,,,,,,,,,,,,,,,,,,,,,,,,,,
citrus,fruit,pip,fruit,whole,milk,margarine,,,,,,,,,,,,,,,,,,,,,,,,,,,,,,,,,
rolls/buns,margarine,bottled,water,rum,red/blush,wine,long,life,bakery,product,waffles,chocolate,,,,,,,,,,,,,,,,,,,,,,,,,,,
sausage,chicken,Frozen,beef,slicesburger,meat,pip,fruit,berries,other,vegetables,whole,milk,dessert,butter,milk,UHT-milk,domestic,eggs,salty,snack,,,,,,,,,,,,,,,,,,,
dessert,frozen,potato,products,specialty,chocolate,,,,,,,,,,,,,,,,,,,,,,,,,,,,,,,,,,
bottled,water,,,,,,,,,,,,,,,,,,,,,,,,,,,,,,,,,,,,,,
other,vegetables,whole,milk,frozen,potato,products,brown,bread,semi-finished,bread,salt,canned,vegetables,,,,,,,,,,,,,,,,,,,,,,,,,,
sausage,Martadella,Frozen,beef,slicesburger,meat,tropical,fruit,pip,fruit,whole,milk,yogurt,sliced,cheese,frozen,vegetables,white,bread,dog,food,coffee,bottled,water,fruit/vegetable,juice,long,life,bakery,product,specialty,chocolate,specialty,bar,chocolate,marshmallow,hygiene,articles,pot,plants
soda,,,,,,,,,,,,,,,,,,,,,,,,,,,,,,,,,,,,,,,
frozen,fish,,,,,,,,,,,,,,,,,,,,,,,,,,,,,,,,,,,,,,
onions,whole,milk,domestic,eggs,rolls/buns,margarine,bottled,water,newspapers,,,,,,,,,,,,,,,,,,,,,,,,,,,,,,
berries,whole,milk,flour,baking,powder,dog,food,chocolate,,,,,,,,,,,,,,,,,,,,,,,,,,,,,,,
tropical,fruit,pip,fruit,other,vegetables,frozen,vegetables,ice,cream,brown,bread,pastry,flour,pickled,vegetables,coffee,soda,misc.,beverages,fruit/vegetable,juice,,,,,,,,,,,,,,,,,,
whole,milk,pastry,bottled,water,hygiene,articles,,,,,,,,,,,,,,,,,,,,,,,,,,,,,,,,,
sausage,whole,milk,curd,cat,food,,,,,,,,,,,,,,,,,,,,,,,,,,,,,,,,,,
Halawa,sausage,curd,whipped/sour,cream,frozen,vegetables,jam,long,life,bakery,product,candy,,,,,,,,,,,,,,,,,,,,,,,,,,,
rolls/buns,bottled,water,Pepsi,,,,,,,,,,,,,,,,,,,,,,,,,,,,,,,,,,,,
citrus,fruit,zwieback,newspapers,,,,,,,,,,,,,,,,,,,,,,,,,,,,,,,,,,,,
sausage,whole,milk,rolls/buns,coffee,newspapers,,,,,,,,,,,,,,,,,,,,,,,,,,,,,,,,,,
whole,milk,brown,bread,,,,,,,,,,,,,,,,,,,,,,,,,,,,,,,,,,,,
Frozen,beef,slicesburger,meat,grapes,whole,milk,pastry,pasta,soda,,,,,,,,,,,,,,,,,,,,,,,,,,,,,,
Pepsi,,,,,,,,,,,,,,,,,,,,,,,,,,,,,,,,,,,,,,,
sausage,citrus,fruit,berries,other,vegetables,whole,milk,yogurt,whipped/sour,cream,cream,cheese,frozen,vegetables,domestic,eggs,pastry,margarine,soups,canned,fish,chocolate,candy,napkins,,,,,,,,,,,,,,,
root,vegetables,other,vegetables,whole,milk,curd,cream,cheese,domestic,eggs,misc.,beverages,napkins,,,,,,,,,,,,,,,,,,,,,,,,,,
pip,fruit,rolls/buns,prosecco,seasonal,products,pot,plants,shopping,bags,,,,,,,,,,,,,,,,,,,,,,,,,,,,,,
Frozen,beef,slices,domestic,eggs,pastry,long,life,bakery,product,waffles,specialty,chocolate,dishes,shopping,bags,,,,,,,,,,,,,,,,,,,,,,,,
sausage,rolls/buns,Canned,Pepsi,,,,,,,,,,,,,,,,,,,,,,,,,,,,,,,,,,,,
rolls/buns,soda,,,,,,,,,,,,,,,,,,,,,,,,,,,,,,,,,,,,,,
tropical,fruit,whole,milk,white,bread,brown,bread,misc.,beverages,Pepsi,,,,,,,,,,,,,,,,,,,,,,,,,,,,,
Frozen,beef,slices,finished,products,whipped/sour,cream,hard,cheese,pasta,,,,,,,,,,,,,,,,,,,,,,,,,,,,,,
citrus,fruit,other,vegetables,butter,brown,bread,baking,powder,bottled,water,soda,,,,,,,,,,,,,,,,,,,,,,,,,,,,
beef,citrus,fruit,root,vegetables,whole,milk,rolls/buns,pastry,coffee,seasonal,products,,,,,,,,,,,,,,,,,,,,,,,,,,,,
Frozen,beef,slicesburger,meat,hard,cheese,frozen,vegetables,soda,,,,,,,,,,,,,,,,,,,,,,,,,,,,,,,
finished,products,dessert,pastry,shopping,bags,,,,,,,,,,,,,,,,,,,,,,,,,,,,,,,,,,
Martadella,rolls/buns,pastry,napkins,newspapers,,,,,,,,,,,,,,,,,,,,,,,,,,,,,,,,,,,
sausage,root,vegetables,soda,Pepsi,salty,snack,popcorn,,,,,,,,,,,,,,,,,,,,,,,,,,,,,,,,
pip,fruit,Canned,Pepsi,shopping,bags,,,,,,,,,,,,,,,,,,,,,,,,,,,,,,,,,,
sausage,citrus,fruit,berries,whipped/sour,cream,rolls/buns,Canned,Pepsi,specialty,bar,napkins,,,,,,,,,,,,,,,,,,,,,,,,,,,,
packaged,fruit/vegetables,,,,,,,,,,,,,,,,,,,,,,,,,,,,,,,,,,,,,,
chicken,citrus,fruit,root,vegetables,,,,,,,,,,,,,,,,,,,,,,,,,,,,,,,,,,,
coffee,female,sanitary,products,napkins,,,,,,,,,,,,,,,,,,,,,,,,,,,,,,,,,,,
other,vegetables,cake,bar,,,,,,,,,,,,,,,,,,,,,,,,,,,,,,,,,,,,
Halawa,citrus,fruit,pip,fruit,butter,milk,beverages,frozen,meals,brown,bread,pickled,vegetables,shopping,bags,,,,,,,,,,,,,,,,,,,,,,,,
citrus,fruit,instant,coffee,fruit/vegetable,juice,Canned,Pepsi,chocolate,candy,house,keeping,products,shopping,bags,,,,,,,,,,,,,,,,,,,,,,,,,
candy,,,,,,,,,,,,,,,,,,,,,,,,,,,,,,,,,,,,,,,
Canned,Pepsi,,,,,,,,,,,,,,,,,,,,,,,,,,,,,,,,,,,,,,
other,vegetables,,,,,,,,,,,,,,,,,,,,,,,,,,,,,,,,,,,,,,
pastry,coffee,,,,,,,,,,,,,,,,,,,,,,,,,,,,,,,,,,,,,,
curd,soda,cake,bar,,,,,,,,,,,,,,,,,,,,,,,,,,,,,,,,,,,,
Martadella,,,,,,,,,,,,,,,,,,,,,,,,,,,,,,,,,,,,,,,
other,vegetables,whole,milk,frozen,vegetables,frozen,dessert,soups,soda,napkins,flower,(seeds),,,,,,,,,,,,,,,,,,,,,,,,,,,
Martadella,citrus,fruit,tropical,fruit,spread,cheese,bottled,water,,,,,,,,,,,,,,,,,,,,,,,,,,,,,,,
yogurt,,,,,,,,,,,,,,,,,,,,,,,,,,,,,,,,,,,,,,,
citrus,fruit,tropical,fruit,,,,,,,,,,,,,,,,,,,,,,,,,,,,,,,,,,,,
Canned,Pepsi,,,,,,,,,,,,,,,,,,,,,,,,,,,,,,,,,,,,,,
specialty,chocolate,,,,,,,,,,,,,,,,,,,,,,,,,,,,,,,,,,,,,,
other,vegetables,whipped/sour,cream,condensed,milk,salt,,,,,,,,,,,,,,,,,,,,,,,,,,,,,,,,,
tropical,fruit,berries,root,vegetables,whole,milk,butter,yogurt,whipped/sour,cream,sliced,cheese,hard,cheese,specialty,chocolate,napkins,,,,,,,,,,,,,,,,,,,,,,
beef,Frozen,beef,slicesburger,meat,pip,fruit,,,,,,,,,,,,,,,,,,,,,,,,,,,,,,,,,
red/blush,wine,,,,,,,,,,,,,,,,,,,,,,,,,,,,,,,,,,,,,,
citrus,fruit,tropical,fruit,whole,milk,pastry,margarine,candles,,,,,,,,,,,,,,,,,,,,,,,,,,,,,,,
turkey,beef,semi-finished,bread,,,,,,,,,,,,,,,,,,,,,,,,,,,,,,,,,,,,
Halawa,onions,soft,cheese,white,bread,pastry,salt,chocolate,newspapers,shopping,bags,,,,,,,,,,,,,,,,,,,,,,,,,,,,
chicken,root,vegetables,whole,milk,butter,milk,rolls/buns,soda,dish,cleaner,baby,cosmetics,kitchen,towels,,,,,,,,,,,,,,,,,,,,,,,,,
dishes,,,,,,,,,,,,,,,,,,,,,,,,,,,,,,,,,,,,,,,
frozen,meals,,,,,,,,,,,,,,,,,,,,,,,,,,,,,,,,,,,,,,
Frozen,beef,slices,grapes,spread,cheese,ice,cream,frozen,potato,products,white,bread,oil,pudding,powder,,,,,,,,,,,,,,,,,,,,,,,,
tropical,fruit,dessert,yogurt,soda,candy,,,,,,,,,,,,,,,,,,,,,,,,,,,,,,,,,,
bottled,water,,,,,,,,,,,,,,,,,,,,,,,,,,,,,,,,,,,,,,
Martadella,cat,food,,,,,,,,,,,,,,,,,,,,,,,,,,,,,,,,,,,,,
butter,rolls/buns,newspapers,,,,,,,,,,,,,,,,,,,,,,,,,,,,,,,,,,,,,
Canned,Pepsi,,,,,,,,,,,,,,,,,,,,,,,,,,,,,,,,,,,,,,
other,vegetables,whole,milk,specialty,cheese,,,,,,,,,,,,,,,,,,,,,,,,,,,,,,,,,,
pastry,,,,,,,,,,,,,,,,,,,,,,,,,,,,,,,,,,,,,,,
citrus,fruit,cream,cheese,,,,,,,,,,,,,,,,,,,,,,,,,,,,,,,,,,,,
sausage,chicken,other,vegetables,whole,milk,yogurt,cream,cheese,brown,bread,soda,,,,,,,,,,,,,,,,,,,,,,,,,,,,
whole,milk,dessert,bottled,water,,,,,,,,,,,,,,,,,,,,,,,,,,,,,,,,,,,
whole,milk,,,,,,,,,,,,,,,,,,,,,,,,,,,,,,,,,,,,,,
pip,fruit,,,,,,,,,,,,,,,,,,,,,,,,,,,,,,,,,,,,,,
Ginger,powder,,,,,,,,,,,,,,,,,,,,,,,,,,,,,,,,,,,,,,
rolls/buns,,,,,,,,,,,,,,,,,,,,,,,,,,,,,,,,,,,,,,,
sausage,chicken,pip,fruit,berries,other,vegetables,dessert,yogurt,frozen,vegetables,frozen,meals,brown,bread,semi-finished,bread,ketchup,spices,ready,soups,soda,Canned,Pepsi,popcorn,,,,,,,,,,,,,,,
sugar,,,,,,,,,,,,,,,,,,,,,,,,,,,,,,,,,,,,,,,
pip,fruit,whole,milk,rolls/buns,sugar,baking,powder,,,,,,,,,,,,,,,,,,,,,,,,,,,,,,,,
Martadella,root,vegetables,onions,other,vegetables,whole,milk,butter,frozen,vegetables,domestic,eggs,rolls/buns,Pepsi,Canned,Pepsi,napkins,,,,,,,,,,,,,,,,,,,,,,
citrus,fruit,root,vegetables,other,vegetables,coffee,Ginger,powder,chocolate,candy,seasonal,products,flower,(seeds),shopping,bags,,,,,,,,,,,,,,,,,,,,,,,
other,vegetables,,,,,,,,,,,,,,,,,,,,,,,,,,,,,,,,,,,,,,
Frozen,beef,slicesburger,meat,margarine,soda,bathroom,cleaner,,,,,,,,,,,,,,,,,,,,,,,,,,,,,,,,
UHT-milk,coffee,,,,,,,,,,,,,,,,,,,,,,,,,,,,,,,,,,,,,,
other,vegetables,whipped/sour,cream,specialty,cheese,domestic,eggs,,,,,,,,,,,,,,,,,,,,,,,,,,,,,,,,
sausage,tropical,fruit,butter,frozen,meals,pasta,fruit/vegetable,juice,,,,,,,,,,,,,,,,,,,,,,,,,,,,,,,
citrus,fruit,pastry,,,,,,,,,,,,,,,,,,,,,,,,,,,,,,,,,,,,,
yogurt,soft,cheese,,,,,,,,,,,,,,,,,,,,,,,,,,,,,,,,,,,,,
bottled,water,,,,,,,,,,,,,,,,,,,,,,,,,,,,,,,,,,,,,,
pip,fruit,whole,milk,,,,,,,,,,,,,,,,,,,,,,,,,,,,,,,,,,,,
Halawa,Martadella,beef,tropical,fruit,root,vegetables,other,vegetables,butter,rolls/buns,pastry,coffee,fruit/vegetable,juice,chocolate,hygiene,articles,newspapers,,,,,,,,,,,,,,,,,,,,,
sausage,bottled,water,red/blush,wine,,,,,,,,,,,,,,,,,,,,,,,,,,,,,,,,,,,
white,bread,Canned,Pepsi,,,,,,,,,,,,,,,,,,,,,,,,,,,,,,,,,,,,
rolls/buns,long,life,bakery,product,candy,shopping,bags,,,,,,,,,,,,,,,,,,,,,,,,,,,,,,,,
softener,newspapers,,,,,,,,,,,,,,,,,,,,,,,,,,,,,,,,,,,,,,
beef,citrus,fruit,root,vegetables,onions,curd,hard,cheese,rolls/buns,fruit/vegetable,juice,,,,,,,,,,,,,,,,,,,,,,,,,,,,
sausage,rolls/buns,Pepsi,,,,,,,,,,,,,,,,,,,,,,,,,,,,,,,,,,,,,
onions,whole,milk,yogurt,rolls/buns,brown,bread,fruit/vegetable,juice,,,,,,,,,,,,,,,,,,,,,,,,,,,,,,,
rolls/buns,,,,,,,,,,,,,,,,,,,,,,,,,,,,,,,,,,,,,,,
tropical,fruit,other,vegetables,whole,milk,fruit/vegetable,juice,long,life,bakery,product,shopping,bags,,,,,,,,,,,,,,,,,,,,,,,,,,
specialty,chocolate,,,,,,,,,,,,,,,,,,,,,,,,,,,,,,,,,,,,,,
Canned,Pepsi,,,,,,,,,,,,,,,,,,,,,,,,,,,,,,,,,,,,,,
sausage,whole,milk,yogurt,whipped/sour,cream,pastry,fruit/vegetable,juice,candy,,,,,,,,,,,,,,,,,,,,,,,,,,,,,,
Martadella,beef,other,vegetables,whole,milk,yogurt,margarine,fruit/vegetable,juice,,,,,,,,,,,,,,,,,,,,,,,,,,,,,,
ice,cream,sugar,coffee,bottled,water,soda,fruit/vegetable,juice,shopping,bags,,,,,,,,,,,,,,,,,,,,,,,,,,,,,
root,vegetables,domestic,eggs,white,bread,,,,,,,,,,,,,,,,,,,,,,,,,,,,,,,,,,
citrus,fruit,berries,other,vegetables,whole,milk,dessert,whipped/sour,cream,cream,cheese,bottled,water,,,,,,,,,,,,,,,,,,,,,,,,,,
Halawa,citrus,fruit,whole,milk,domestic,eggs,oil,Canned,honey,specialty,chocolate,newspapers,,,,,,,,,,,,,,,,,,,,,,,,,,,
sausage,whole,milk,frozen,dessert,mustard,jam,bottled,water,hygiene,articles,,,,,,,,,,,,,,,,,,,,,,,,,,,,,
cream,cheese,rolls/buns,,,,,,,,,,,,,,,,,,,,,,,,,,,,,,,,,,,,,
curd,yogurt,frozen,vegetables,,,,,,,,,,,,,,,,,,,,,,,,,,,,,,,,,,,,
Powedered,honny,,,,,,,,,,,,,,,,,,,,,,,,,,,,,,,,,,,,,,
salty,snack,,,,,,,,,,,,,,,,,,,,,,,,,,,,,,,,,,,,,,
other,vegetables,soda,specialty,bar,,,,,,,,,,,,,,,,,,,,,,,,,,,,,,,,,,,
tropical,fruit,whole,milk,domestic,eggs,brown,bread,soda,Canned,Pepsi,,,,,,,,,,,,,,,,,,,,,,,,,,,,,
citrus,fruit,,,,,,,,,,,,,,,,,,,,,,,,,,,,,,,,,,,,,,
waffles,,,,,,,,,,,,,,,,,,,,,,,,,,,,,,,,,,,,,,,
tropical,fruit,pastry,flour,rum,,,,,,,,,,,,,,,,,,,,,,,,,,,,,,,,,,,
meat,other,vegetables,hard,cheese,frozen,meals,bottled,water,soda,,,,,,,,,,,,,,,,,,,,,,,,,,,,,,
soda,,,,,,,,,,,,,,,,,,,,,,,,,,,,,,,,,,,,,,,
onions,other,vegetables,,,,,,,,,,,,,,,,,,,,,,,,,,,,,,,,,,,,,
Halawa,tropical,fruit,other,vegetables,whole,milk,butter,frozen,meals,fruit/vegetable,juice,,,,,,,,,,,,,,,,,,,,,,,,,,,,
yogurt,bottled,water,Canned,Pepsi,napkins,,,,,,,,,,,,,,,,,,,,,,,,,,,,,,,,,,
pastry,,,,,,,,,,,,,,,,,,,,,,,,,,,,,,,,,,,,,,,
soda,,,,,,,,,,,,,,,,,,,,,,,,,,,,,,,,,,,,,,,
cream,cheese,coffee,bottled,water,,,,,,,,,,,,,,,,,,,,,,,,,,,,,,,,,,,
newspapers,,,,,,,,,,,,,,,,,,,,,,,,,,,,,,,,,,,,,,,
soda,chocolate,specialty,bar,napkins,,,,,,,,,,,,,,,,,,,,,,,,,,,,,,,,,,,
tropical,fruit,yogurt,rolls/buns,soda,shopping,bags,,,,,,,,,,,,,,,,,,,,,,,,,,,,,,,,,
tropical,fruit,yogurt,UHT-milk,cream,cheese,processed,cheese,white,bread,sugar,,,,,,,,,,,,,,,,,,,,,,,,,,,,,
hygiene,articles,,,,,,,,,,,,,,,,,,,,,,,,,,,,,,,,,,,,,,
Martadella,root,vegetables,other,vegetables,whole,milk,butter,whipped/sour,cream,processed,cheese,domestic,eggs,rolls/buns,white,bread,pastry,jam,soda,waffles,candy,napkins,,,,,,,,,,,,,,,,,
flower,soil/fertilizer,,,,,,,,,,,,,,,,,,,,,,,,,,,,,,,,,,,,,,
white,bread,flour,oil,sugar,coffee,bottled,water,salty,snack,,,,,,,,,,,,,,,,,,,,,,,,,,,,,,
sausage,citrus,fruit,tropical,fruit,other,vegetables,tidbits,shopping,bags,,,,,,,,,,,,,,,,,,,,,,,,,,,,,,
whole,milk,frozen,meals,soda,napkins,kitchen,towels,,,,,,,,,,,,,,,,,,,,,,,,,,,,,,,,
root,vegetables,other,vegetables,butter,domestic,eggs,bottled,water,soda,misc.,beverages,,,,,,,,,,,,,,,,,,,,,,,,,,,,
coffee,,,,,,,,,,,,,,,,,,,,,,,,,,,,,,,,,,,,,,,
soda,,,,,,,,,,,,,,,,,,,,,,,,,,,,,,,,,,,,,,,
light,bulbs,,,,,,,,,,,,,,,,,,,,,,,,,,,,,,,,,,,,,,
berries,root,vegetables,herbs,other,vegetables,whole,milk,curd,cream,cheese,cereals,long,life,bakery,product,waffles,shopping,bags,,,,,,,,,,,,,,,,,,,,,
berries,other,vegetables,yogurt,whipped/sour,cream,,,,,,,,,,,,,,,,,,,,,,,,,,,,,,,,,,
Martadella,beef,onions,yogurt,UHT-milk,frozen,fish,rolls/buns,margarine,sugar,salty,snack,newspapers,,,,,,,,,,,,,,,,,,,,,,,,,,,
citrus,fruit,berries,butter,butter,milk,yogurt,sliced,cheese,frozen,vegetables,frozen,chicken,soda,,,,,,,,,,,,,,,,,,,,,,,,,,
other,vegetables,whole,milk,yogurt,rolls/buns,,,,,,,,,,,,,,,,,,,,,,,,,,,,,,,,,,
Frozen,beef,slices,onions,whipped/sour,cream,hard,cheese,Pepsi,hygiene,articles,shopping,bags,,,,,,,,,,,,,,,,,,,,,,,,,,,
Martadella,onions,other,vegetables,butter,dessert,beverages,UHT-milk,specialty,cheese,frozen,vegetables,rolls/buns,coffee,shopping,bags,,,,,,,,,,,,,,,,,,,,,,,,
beverages,,,,,,,,,,,,,,,,,,,,,,,,,,,,,,,,,,,,,,,
canned,fish,fruit/vegetable,juice,make,up,remover,,,,,,,,,,,,,,,,,,,,,,,,,,,,,,,,,
nuts/prunes,,,,,,,,,,,,,,,,,,,,,,,,,,,,,,,,,,,,,,,
root,vegetables,other,vegetables,domestic,eggs,sugar,instant,coffee,bottled,water,soda,Pepsi,red/blush,wine,waffles,specialty,chocolate,,,,,,,,,,,,,,,,,,,,,,
sausage,whole,milk,yogurt,hard,cheese,domestic,eggs,brown,bread,salty,snack,waffles,chocolate,newspapers,,,,,,,,,,,,,,,,,,,,,,,,,
root,vegetables,dessert,yogurt,cream,cheese,rice,,,,,,,,,,,,,,,,,,,,,,,,,,,,,,,,,
sausage,Frozen,beef,slicesburger,meat,other,vegetables,rolls/buns,pasta,Instant,food,products,shopping,bags,,,,,,,,,,,,,,,,,,,,,,,,,,
Frozen,beef,slicesburger,meat,whole,milk,curd,rolls/buns,Instant,food,products,hygiene,articles,napkins,,,,,,,,,,,,,,,,,,,,,,,,,,
pip,fruit,,,,,,,,,,,,,,,,,,,,,,,,,,,,,,,,,,,,,,
other,vegetables,rolls/buns,brown,bread,,,,,,,,,,,,,,,,,,,,,,,,,,,,,,,,,,,
other,vegetables,Pepsi,,,,,,,,,,,,,,,,,,,,,,,,,,,,,,,,,,,,,
organic,sausage,other,vegetables,Ginger,powder,(appetizer),red/blush,wine,,,,,,,,,,,,,,,,,,,,,,,,,,,,,,,
other,vegetables,chocolate,,,,,,,,,,,,,,,,,,,,,,,,,,,,,,,,,,,,,
other,vegetables,whole,milk,curd,whipped/sour,cream,domestic,eggs,rolls/buns,,,,,,,,,,,,,,,,,,,,,,,,,,,,,,
yogurt,rolls/buns,meat,spreads,soda,,,,,,,,,,,,,,,,,,,,,,,,,,,,,,,,,,,
Halawa,Frozen,beef,slicesburger,meat,whole,milk,rolls/buns,potato,products,mustard,coffee,waffles,chocolate,marshmallow,soap,newspapers,,,,,,,,,,,,,,,,,,,,,,,
tropical,fruit,frozen,vegetables,rolls/buns,semi-finished,bread,Pepsi,waffles,,,,,,,,,,,,,,,,,,,,,,,,,,,,,,,
turkey,whole,milk,Ginger,powder,(appetizer),shopping,bags,,,,,,,,,,,,,,,,,,,,,,,,,,,,,,,,
other,vegetables,yogurt,,,,,,,,,,,,,,,,,,,,,,,,,,,,,,,,,,,,,
hard,cheese,rolls/buns,bottled,water,newspapers,,,,,,,,,,,,,,,,,,,,,,,,,,,,,,,,,,
beef,root,vegetables,other,vegetables,white,bread,canned,fruit,soda,chocolate,newspapers,,,,,,,,,,,,,,,,,,,,,,,,,,,,
domestic,eggs,cat,food,bottled,water,,,,,,,,,,,,,,,,,,,,,,,,,,,,,,,,,,
chicken,Martadella,frozen,vegetables,soda,Canned,Pepsi,Ginger,powder,(appetizer),hygiene,articles,newspapers,,,,,,,,,,,,,,,,,,,,,,,,,,,
Frozen,beef,slices,other,vegetables,yogurt,domestic,eggs,semi-finished,bread,newspapers,,,,,,,,,,,,,,,,,,,,,,,,,,,,,
Canned,Pepsi,,,,,,,,,,,,,,,,,,,,,,,,,,,,,,,,,,,,,,
sausage,whole,milk,sliced,cheese,rolls/buns,brown,bread,Pepsi,,,,,,,,,,,,,,,,,,,,,,,,,,,,,,,
dessert,zwieback,,,,,,,,,,,,,,,,,,,,,,,,,,,,,,,,,,,,,,
chicken,tropical,fruit,onions,other,vegetables,butter,milk,yogurt,beverages,sliced,cheese,hard,cheese,rolls/buns,pastry,cereals,chocolate,napkins,house,keeping,products,,,,,,,,,,,,,,,,,,
whole,milk,yogurt,,,,,,,,,,,,,,,,,,,,,,,,,,,,,,,,,,,,,
Martadella,other,vegetables,sliced,cheese,white,bread,,,,,,,,,,,,,,,,,,,,,,,,,,,,,,,,,
beef,root,vegetables,yogurt,whipped/sour,cream,frozen,vegetables,soups,,,,,,,,,,,,,,,,,,,,,,,,,,,,,,,
whole,milk,brown,bread,dog,food,chocolate,hygiene,articles,pot,plants,,,,,,,,,,,,,,,,,,,,,,,,,,,,,
citrus,fruit,tropical,fruit,other,vegetables,pot,plants,,,,,,,,,,,,,,,,,,,,,,,,,,,,,,,,
citrus,fruit,other,vegetables,butter,soda,Pepsi,Canned,Pepsi,waffles,chocolate,seasonal,products,,,,,,,,,,,,,,,,,,,,,,,,,,,
sausage,beef,tropical,fruit,onions,frozen,vegetables,domestic,eggs,white,bread,semi-finished,bread,sugar,baking,powder,canned,fish,coffee,seasonal,products,,,,,,,,,,,,,,,,,,,
whole,milk,dessert,yogurt,whipped/sour,cream,specialty,cheese,kitchen,towels,,,,,,,,,,,,,,,,,,,,,,,,,,,,,,
cream,cheese,instant,coffee,salty,snack,waffles,kitchen,towels,shopping,bags,,,,,,,,,,,,,,,,,,,,,,,,,,,,,
Canned,Pepsi,,,,,,,,,,,,,,,,,,,,,,,,,,,,,,,,,,,,,,
dessert,dishes,,,,,,,,,,,,,,,,,,,,,,,,,,,,,,,,,,,,,,
sausage,Frozen,beef,slicesburger,meat,whole,milk,rolls/buns,oil,pickled,vegetables,softener,hygiene,articles,,,,,,,,,,,,,,,,,,,,,,,,,,
organic,sausage,soda,,,,,,,,,,,,,,,,,,,,,,,,,,,,,,,,,,,,,
citrus,fruit,pip,fruit,,,,,,,,,,,,,,,,,,,,,,,,,,,,,,,,,,,,
pip,fruit,other,vegetables,whole,milk,butter,curd,rolls/buns,margarine,baking,powder,bottled,water,Pepsi,Canned,Pepsi,cooking,chocolate,napkins,,,,,,,,,,,,,,,,,,,,
sausage,soft,cheese,Pepsi,,,,,,,,,,,,,,,,,,,,,,,,,,,,,,,,,,,,
soda,fruit/vegetable,juice,specialty,bar,,,,,,,,,,,,,,,,,,,,,,,,,,,,,,,,,,,
Frozen,beef,slices,berries,root,vegetables,whole,milk,whipped/sour,cream,brown,bread,pastry,Pepsi,napkins,,,,,,,,,,,,,,,,,,,,,,,,,
salty,snack,chocolate,,,,,,,,,,,,,,,,,,,,,,,,,,,,,,,,,,,,,
soda,,,,,,,,,,,,,,,,,,,,,,,,,,,,,,,,,,,,,,,
finished,products,whole,milk,softener,,,,,,,,,,,,,,,,,,,,,,,,,,,,,,,,,,,
grapes,pasta,dishes,,,,,,,,,,,,,,,,,,,,,,,,,,,,,,,,,,,,,
Frozen,beef,slices,Martadella,citrus,fruit,pip,fruit,root,vegetables,other,vegetables,butter,milk,beverages,sliced,cheese,frozen,vegetables,frozen,fish,oil,margarine,canned,vegetables,,,,,,,,,,,,,,,
chocolate,,,,,,,,,,,,,,,,,,,,,,,,,,,,,,,,,,,,,,,
Powedered,honny,,,,,,,,,,,,,,,,,,,,,,,,,,,,,,,,,,,,,,
Frozen,beef,slices,butter,yogurt,hard,cheese,ice,cream,domestic,eggs,misc.,beverages,fruit/vegetable,juice,,,,,,,,,,,,,,,,,,,,,,,,,
napkins,dishes,,,,,,,,,,,,,,,,,,,,,,,,,,,,,,,,,,,,,,
chicken,,,,,,,,,,,,,,,,,,,,,,,,,,,,,,,,,,,,,,,
pip,fruit,herbs,other,vegetables,whole,milk,whipped/sour,cream,,,,,,,,,,,,,,,,,,,,,,,,,,,,,,,
potato,products,bottled,water,soda,Pepsi,,,,,,,,,,,,,,,,,,,,,,,,,,,,,,,,,,
brown,bread,Canned,Pepsi,,,,,,,,,,,,,,,,,,,,,,,,,,,,,,,,,,,,
beef,Frozen,beef,slicesburger,meat,other,vegetables,rolls/buns,sugar,Powedered,honny,hygiene,articles,newspapers,,,,,,,,,,,,,,,,,,,,,,,,,,
Halawa,sausage,other,vegetables,white,bread,pickled,vegetables,waffles,shopping,bags,,,,,,,,,,,,,,,,,,,,,,,,,,,,,
herbs,,,,,,,,,,,,,,,,,,,,,,,,,,,,,,,,,,,,,,,
sausage,soda,Pepsi,Ginger,powder,red/blush,wine,,,,,,,,,,,,,,,,,,,,,,,,,,,,,,,,,
Martadella,whole,milk,pastry,shopping,bags,,,,,,,,,,,,,,,,,,,,,,,,,,,,,,,,,,
condensed,milk,coffee,napkins,,,,,,,,,,,,,,,,,,,,,,,,,,,,,,,,,,,,
citrus,fruit,whole,milk,butter,pastry,semi-finished,bread,coffee,candy,newspapers,shopping,bags,,,,,,,,,,,,,,,,,,,,,,,,,,,
soda,,,,,,,,,,,,,,,,,,,,,,,,,,,,,,,,,,,,,,,
whipped/sour,cream,brown,bread,,,,,,,,,,,,,,,,,,,,,,,,,,,,,,,,,,,,
chocolate,,,,,,,,,,,,,,,,,,,,,,,,,,,,,,,,,,,,,,,
hygiene,articles,house,keeping,products,,,,,,,,,,,,,,,,,,,,,,,,,,,,,,,,,,,
Ginger,liquid,,,,,,,,,,,,,,,,,,,,,,,,,,,,,,,,,,,,,,
packaged,fruit/vegetables,,,,,,,,,,,,,,,,,,,,,,,,,,,,,,,,,,,,,,
coffee,photo/film,,,,,,,,,,,,,,,,,,,,,,,,,,,,,,,,,,,,,,
butter,cream,cheese,frozen,vegetables,soda,fruit/vegetable,juice,napkins,shopping,bags,,,,,,,,,,,,,,,,,,,,,,,,,,,,,
curd,beverages,pastry,pot,plants,,,,,,,,,,,,,,,,,,,,,,,,,,,,,,,,,,,
rolls/buns,soda,specialty,bar,candy,newspapers,,,,,,,,,,,,,,,,,,,,,,,,,,,,,,,,,,
dishes,,,,,,,,,,,,,,,,,,,,,,,,,,,,,,,,,,,,,,,
rolls/buns,soda,,,,,,,,,,,,,,,,,,,,,,,,,,,,,,,,,,,,,,
Pepsi,Ginger,powder,,,,,,,,,,,,,,,,,,,,,,,,,,,,,,,,,,,,,
Halawa,beef,grapes,other,vegetables,Pepsi,red/blush,wine,napkins,newspapers,,,,,,,,,,,,,,,,,,,,,,,,,,,,,,
rolls/buns,bottled,water,Ginger,powder,,,,,,,,,,,,,,,,,,,,,,,,,,,,,,,,,,,
whole,milk,hard,cheese,brown,bread,Pepsi,hygiene,articles,newspapers,shopping,bags,,,,,,,,,,,,,,,,,,,,,,,,,,,,
root,vegetables,beverages,Instant,food,products,pickled,vegetables,detergent,,,,,,,,,,,,,,,,,,,,,,,,,,,,,,,
chicken,Frozen,beef,slicesburger,meat,tropical,fruit,pip,fruit,root,vegetables,other,vegetables,rolls/buns,salt,canned,vegetables,coffee,soda,Canned,Pepsi,,,,,,,,,,,,,,,,,,,
soda,Canned,Pepsi,Ginger,powder,(appetizer),salty,snack,shopping,bags,,,,,,,,,,,,,,,,,,,,,,,,,,,,,,
bottled,water,,,,,,,,,,,,,,,,,,,,,,,,,,,,,,,,,,,,,,
rolls/buns,soda,Canned,Pepsi,,,,,,,,,,,,,,,,,,,,,,,,,,,,,,,,,,,,
Frozen,beef,slicesburger,meat,citrus,fruit,tropical,fruit,whole,milk,yogurt,brown,bread,napkins,shopping,bags,,,,,,,,,,,,,,,,,,,,,,,,
tropical,fruit,root,vegetables,whole,milk,frozen,vegetables,domestic,eggs,brown,bread,semi-finished,bread,Canned,Pepsi,,,,,,,,,,,,,,,,,,,,,,,,
Martadella,root,vegetables,brown,bread,soda,Pepsi,,,,,,,,,,,,,,,,,,,,,,,,,,,,,,,,,
UHT-milk,pastry,waffles,,,,,,,,,,,,,,,,,,,,,,,,,,,,,,,,,,,,,
Canned,Pepsi,specialty,bar,,,,,,,,,,,,,,,,,,,,,,,,,,,,,,,,,,,,
pip,fruit,,,,,,,,,,,,,,,,,,,,,,,,,,,,,,,,,,,,,,
sausage,tropical,fruit,butter,milk,spread,cheese,tidbits,bottled,water,soda,Pepsi,,,,,,,,,,,,,,,,,,,,,,,,,,,,
soda,,,,,,,,,,,,,,,,,,,,,,,,,,,,,,,,,,,,,,,
waffles,,,,,,,,,,,,,,,,,,,,,,,,,,,,,,,,,,,,,,,
Pepsi,,,,,,,,,,,,,,,,,,,,,,,,,,,,,,,,,,,,,,,
citrus,fruit,pip,fruit,grapes,berries,soft,cheese,rolls/buns,oil,shopping,bags,,,,,,,,,,,,,,,,,,,,,,,,,,,,
Martadella,onions,other,vegetables,Pepsi,,,,,,,,,,,,,,,,,,,,,,,,,,,,,,,,,,,
beef,whole,milk,pastry,semi-finished,bread,specialty,chocolate,chocolate,marshmallow,,,,,,,,,,,,,,,,,,,,,,,,,,,,,,
root,vegetables,herbs,whole,milk,curd,frozen,vegetables,frozen,dessert,sweet,spreads,fruit/vegetable,juice,,,,,,,,,,,,,,,,,,,,,,,,,,